id,direction,source_text,target_gold,morph_breakdown,expected_telegraphic,category,complexity_tier,actual_output,racer_winner,latency_ms,notes_comments,intent_json,expected_verb
SW-ENG-001,SW_TO_EN,Hawajazipata,They have not yet received them,ha-(NEG)+wa-(3PL)+ja-(PERF_NEG)+zi-(OBJ:C10)+pata,[they] [not yet] [them] [get],pro_drop,1,,,,Forward pass linearizer benchmark,,
SW-ENG-002,SW_TO_EN,Nilipofika hospitalini,When I arrived at the hospital,ni-li-po-(REL_TIME)+fika+hospitali-ni,[when I] [arrive] [hospital in],relative_clause,2,,,,Forward pass linearizer benchmark,,
SW-ENG-003,SW_TO_EN,Watoto wote wazuri walikula,All good children ate,wa-toto+wa-ote+wa-zuri+wa-li-ku-la,children all good [they] [did] [eat],noun_class_concord,2,,,,Forward pass linearizer benchmark,,
SW-ENG-004,SW_TO_EN,Hamkunijibu,You (pl) did not answer me,ha-(NEG)+m-(2PL)+ku-(PAST_NEG)+ni-(OBJ:1SG)+jibu,[you all] [did not] [me] [answer],negation_infix,1,,,,Forward pass linearizer benchmark,,
SW-ENG-005,SW_TO_EN,Inakuwaje leo?,How are things today?,i-na-kuwa-je+leo,[how is it] [today],idiom_slang,1,,,,Forward pass linearizer benchmark,,
SW-ENG-006,SW_TO_EN,Hatutawafundisha,We will not teach them,ha-(NEG)+tu-(1PL)+ta-(FUT)+wa-(OBJ:3PL)+fundisha,[we] [will not] [them] [teach],future_negation,1,,,,Forward pass linearizer benchmark,,
SW-ENG-007,SW_TO_EN,Waliondoka bila kusema,They left without speaking,wa-li-ondoka+bila+ku-sema,[they] [did] [leave] without to speak,infinitive_clause,2,,,,Forward pass linearizer benchmark,,
SW-ENG-008,SW_TO_EN,Vitu vyote vimeharibika,All things are broken,vi-tu+vi-ote+vi-me-haribika,things all [they] [have] [spoil],noun_class_concord,2,,,,Forward pass linearizer benchmark,,
SW-ENG-009,SW_TO_EN,Sijui kama watakuja,I don't know if they will come,si-(1SG_NEG)+jui+kama+wa-ta-ku-ja,[I] [not know] if [they] [will] [come],complex_clause,2,,,,Forward pass linearizer benchmark,,
SW-ENG-010,SW_TO_EN,Anakwenda sokoni sasa,He/She is going to the market now,a-na-kw-enda+soko-ni+sasa,[he/she] [is] [go] [market in] now,monosyllabic_verb,1,,,,Forward pass linearizer benchmark,,
SW-ENG-011,SW_TO_EN,Hawajazipata,They have not yet received them,ha-(NEG)+wa-(3PL)+ja-(PERF_NEG)+zi-(OBJ:C10)+pata,[they] [not yet] [them] [get],pro_drop,1,,,,Forward pass linearizer benchmark,,
SW-ENG-012,SW_TO_EN,Nilipofika hospitalini,When I arrived at the hospital,ni-li-po-(REL_TIME)+fika+hospitali-ni,[when I] [arrive] [hospital in],relative_clause,2,,,,Forward pass linearizer benchmark,,
SW-ENG-013,SW_TO_EN,Watoto wote wazuri walikula,All good children ate,wa-toto+wa-ote+wa-zuri+wa-li-ku-la,children all good [they] [did] [eat],noun_class_concord,2,,,,Forward pass linearizer benchmark,,
SW-ENG-014,SW_TO_EN,Hamkunijibu,You (pl) did not answer me,ha-(NEG)+m-(2PL)+ku-(PAST_NEG)+ni-(OBJ:1SG)+jibu,[you all] [did not] [me] [answer],negation_infix,1,,,,Forward pass linearizer benchmark,,
SW-ENG-015,SW_TO_EN,Inakuwaje leo?,How are things today?,i-na-kuwa-je+leo,[how is it] [today],idiom_slang,1,,,,Forward pass linearizer benchmark,,
SW-ENG-016,SW_TO_EN,Hatutawafundisha,We will not teach them,ha-(NEG)+tu-(1PL)+ta-(FUT)+wa-(OBJ:3PL)+fundisha,[we] [will not] [them] [teach],future_negation,1,,,,Forward pass linearizer benchmark,,
SW-ENG-017,SW_TO_EN,Waliondoka bila kusema,They left without speaking,wa-li-ondoka+bila+ku-sema,[they] [did] [leave] without to speak,infinitive_clause,2,,,,Forward pass linearizer benchmark,,
SW-ENG-018,SW_TO_EN,Vitu vyote vimeharibika,All things are broken,vi-tu+vi-ote+vi-me-haribika,things all [they] [have] [spoil],noun_class_concord,2,,,,Forward pass linearizer benchmark,,
SW-ENG-019,SW_TO_EN,Sijui kama watakuja,I don't know if they will come,si-(1SG_NEG)+jui+kama+wa-ta-ku-ja,[I] [not know] if [they] [will] [come],complex_clause,2,,,,Forward pass linearizer benchmark,,
SW-ENG-020,SW_TO_EN,Anakwenda sokoni sasa,He/She is going to the market now,a-na-kw-enda+soko-ni+sasa,[he/she] [is] [go] [market in] now,monosyllabic_verb,1,,,,Forward pass linearizer benchmark,,
SW-ENG-021,SW_TO_EN,Hawajazipata,They have not yet received them,ha-(NEG)+wa-(3PL)+ja-(PERF_NEG)+zi-(OBJ:C10)+pata,[they] [not yet] [them] [get],pro_drop,1,,,,Forward pass linearizer benchmark,,
SW-ENG-022,SW_TO_EN,Nilipofika hospitalini,When I arrived at the hospital,ni-li-po-(REL_TIME)+fika+hospitali-ni,[when I] [arrive] [hospital in],relative_clause,2,,,,Forward pass linearizer benchmark,,
SW-ENG-023,SW_TO_EN,Watoto wote wazuri walikula,All good children ate,wa-toto+wa-ote+wa-zuri+wa-li-ku-la,children all good [they] [did] [eat],noun_class_concord,2,,,,Forward pass linearizer benchmark,,
SW-ENG-024,SW_TO_EN,Hamkunijibu,You (pl) did not answer me,ha-(NEG)+m-(2PL)+ku-(PAST_NEG)+ni-(OBJ:1SG)+jibu,[you all] [did not] [me] [answer],negation_infix,1,,,,Forward pass linearizer benchmark,,
SW-ENG-025,SW_TO_EN,Inakuwaje leo?,How are things today?,i-na-kuwa-je+leo,[how is it] [today],idiom_slang,1,,,,Forward pass linearizer benchmark,,
SW-ENG-026,SW_TO_EN,Hatutawafundisha,We will not teach them,ha-(NEG)+tu-(1PL)+ta-(FUT)+wa-(OBJ:3PL)+fundisha,[we] [will not] [them] [teach],future_negation,1,,,,Forward pass linearizer benchmark,,
SW-ENG-027,SW_TO_EN,Waliondoka bila kusema,They left without speaking,wa-li-ondoka+bila+ku-sema,[they] [did] [leave] without to speak,infinitive_clause,2,,,,Forward pass linearizer benchmark,,
SW-ENG-028,SW_TO_EN,Vitu vyote vimeharibika,All things are broken,vi-tu+vi-ote+vi-me-haribika,things all [they] [have] [spoil],noun_class_concord,2,,,,Forward pass linearizer benchmark,,
SW-ENG-029,SW_TO_EN,Sijui kama watakuja,I don't know if they will come,si-(1SG_NEG)+jui+kama+wa-ta-ku-ja,[I] [not know] if [they] [will] [come],complex_clause,2,,,,Forward pass linearizer benchmark,,
SW-ENG-030,SW_TO_EN,Anakwenda sokoni sasa,He/She is going to the market now,a-na-kw-enda+soko-ni+sasa,[he/she] [is] [go] [market in] now,monosyllabic_verb,1,,,,Forward pass linearizer benchmark,,
SW-ENG-031,SW_TO_EN,Hawajazipata,They have not yet received them,ha-(NEG)+wa-(3PL)+ja-(PERF_NEG)+zi-(OBJ:C10)+pata,[they] [not yet] [them] [get],pro_drop,1,,,,Forward pass linearizer benchmark,,
SW-ENG-032,SW_TO_EN,Nilipofika hospitalini,When I arrived at the hospital,ni-li-po-(REL_TIME)+fika+hospitali-ni,[when I] [arrive] [hospital in],relative_clause,2,,,,Forward pass linearizer benchmark,,
SW-ENG-033,SW_TO_EN,Watoto wote wazuri walikula,All good children ate,wa-toto+wa-ote+wa-zuri+wa-li-ku-la,children all good [they] [did] [eat],noun_class_concord,2,,,,Forward pass linearizer benchmark,,
SW-ENG-034,SW_TO_EN,Hamkunijibu,You (pl) did not answer me,ha-(NEG)+m-(2PL)+ku-(PAST_NEG)+ni-(OBJ:1SG)+jibu,[you all] [did not] [me] [answer],negation_infix,1,,,,Forward pass linearizer benchmark,,
SW-ENG-035,SW_TO_EN,Inakuwaje leo?,How are things today?,i-na-kuwa-je+leo,[how is it] [today],idiom_slang,1,,,,Forward pass linearizer benchmark,,
SW-ENG-036,SW_TO_EN,Hatutawafundisha,We will not teach them,ha-(NEG)+tu-(1PL)+ta-(FUT)+wa-(OBJ:3PL)+fundisha,[we] [will not] [them] [teach],future_negation,1,,,,Forward pass linearizer benchmark,,
SW-ENG-037,SW_TO_EN,Waliondoka bila kusema,They left without speaking,wa-li-ondoka+bila+ku-sema,[they] [did] [leave] without to speak,infinitive_clause,2,,,,Forward pass linearizer benchmark,,
SW-ENG-038,SW_TO_EN,Vitu vyote vimeharibika,All things are broken,vi-tu+vi-ote+vi-me-haribika,things all [they] [have] [spoil],noun_class_concord,2,,,,Forward pass linearizer benchmark,,
SW-ENG-039,SW_TO_EN,Sijui kama watakuja,I don't know if they will come,si-(1SG_NEG)+jui+kama+wa-ta-ku-ja,[I] [not know] if [they] [will] [come],complex_clause,2,,,,Forward pass linearizer benchmark,,
SW-ENG-040,SW_TO_EN,Anakwenda sokoni sasa,He/She is going to the market now,a-na-kw-enda+soko-ni+sasa,[he/she] [is] [go] [market in] now,monosyllabic_verb,1,,,,Forward pass linearizer benchmark,,
SW-ENG-041,SW_TO_EN,Hawajazipata,They have not yet received them,ha-(NEG)+wa-(3PL)+ja-(PERF_NEG)+zi-(OBJ:C10)+pata,[they] [not yet] [them] [get],pro_drop,1,,,,Forward pass linearizer benchmark,,
SW-ENG-042,SW_TO_EN,Nilipofika hospitalini,When I arrived at the hospital,ni-li-po-(REL_TIME)+fika+hospitali-ni,[when I] [arrive] [hospital in],relative_clause,2,,,,Forward pass linearizer benchmark,,
SW-ENG-043,SW_TO_EN,Watoto wote wazuri walikula,All good children ate,wa-toto+wa-ote+wa-zuri+wa-li-ku-la,children all good [they] [did] [eat],noun_class_concord,2,,,,Forward pass linearizer benchmark,,
SW-ENG-044,SW_TO_EN,Hamkunijibu,You (pl) did not answer me,ha-(NEG)+m-(2PL)+ku-(PAST_NEG)+ni-(OBJ:1SG)+jibu,[you all] [did not] [me] [answer],negation_infix,1,,,,Forward pass linearizer benchmark,,
SW-ENG-045,SW_TO_EN,Inakuwaje leo?,How are things today?,i-na-kuwa-je+leo,[how is it] [today],idiom_slang,1,,,,Forward pass linearizer benchmark,,
SW-ENG-046,SW_TO_EN,Hatutawafundisha,We will not teach them,ha-(NEG)+tu-(1PL)+ta-(FUT)+wa-(OBJ:3PL)+fundisha,[we] [will not] [them] [teach],future_negation,1,,,,Forward pass linearizer benchmark,,
SW-ENG-047,SW_TO_EN,Waliondoka bila kusema,They left without speaking,wa-li-ondoka+bila+ku-sema,[they] [did] [leave] without to speak,infinitive_clause,2,,,,Forward pass linearizer benchmark,,
SW-ENG-048,SW_TO_EN,Vitu vyote vimeharibika,All things are broken,vi-tu+vi-ote+vi-me-haribika,things all [they] [have] [spoil],noun_class_concord,2,,,,Forward pass linearizer benchmark,,
SW-ENG-049,SW_TO_EN,Sijui kama watakuja,I don't know if they will come,si-(1SG_NEG)+jui+kama+wa-ta-ku-ja,[I] [not know] if [they] [will] [come],complex_clause,2,,,,Forward pass linearizer benchmark,,
SW-ENG-050,SW_TO_EN,Anakwenda sokoni sasa,He/She is going to the market now,a-na-kw-enda+soko-ni+sasa,[he/she] [is] [go] [market in] now,monosyllabic_verb,1,,,,Forward pass linearizer benchmark,,
SW-ENG-051,SW_TO_EN,Hawajazipata,They have not yet received them,ha-(NEG)+wa-(3PL)+ja-(PERF_NEG)+zi-(OBJ:C10)+pata,[they] [not yet] [them] [get],pro_drop,1,,,,Forward pass linearizer benchmark,,
SW-ENG-052,SW_TO_EN,Nilipofika hospitalini,When I arrived at the hospital,ni-li-po-(REL_TIME)+fika+hospitali-ni,[when I] [arrive] [hospital in],relative_clause,2,,,,Forward pass linearizer benchmark,,
SW-ENG-053,SW_TO_EN,Watoto wote wazuri walikula,All good children ate,wa-toto+wa-ote+wa-zuri+wa-li-ku-la,children all good [they] [did] [eat],noun_class_concord,2,,,,Forward pass linearizer benchmark,,
SW-ENG-054,SW_TO_EN,Hamkunijibu,You (pl) did not answer me,ha-(NEG)+m-(2PL)+ku-(PAST_NEG)+ni-(OBJ:1SG)+jibu,[you all] [did not] [me] [answer],negation_infix,1,,,,Forward pass linearizer benchmark,,
SW-ENG-055,SW_TO_EN,Inakuwaje leo?,How are things today?,i-na-kuwa-je+leo,[how is it] [today],idiom_slang,1,,,,Forward pass linearizer benchmark,,
SW-ENG-056,SW_TO_EN,Hatutawafundisha,We will not teach them,ha-(NEG)+tu-(1PL)+ta-(FUT)+wa-(OBJ:3PL)+fundisha,[we] [will not] [them] [teach],future_negation,1,,,,Forward pass linearizer benchmark,,
SW-ENG-057,SW_TO_EN,Waliondoka bila kusema,They left without speaking,wa-li-ondoka+bila+ku-sema,[they] [did] [leave] without to speak,infinitive_clause,2,,,,Forward pass linearizer benchmark,,
SW-ENG-058,SW_TO_EN,Vitu vyote vimeharibika,All things are broken,vi-tu+vi-ote+vi-me-haribika,things all [they] [have] [spoil],noun_class_concord,2,,,,Forward pass linearizer benchmark,,
SW-ENG-059,SW_TO_EN,Sijui kama watakuja,I don't know if they will come,si-(1SG_NEG)+jui+kama+wa-ta-ku-ja,[I] [not know] if [they] [will] [come],complex_clause,2,,,,Forward pass linearizer benchmark,,
SW-ENG-060,SW_TO_EN,Anakwenda sokoni sasa,He/She is going to the market now,a-na-kw-enda+soko-ni+sasa,[he/she] [is] [go] [market in] now,monosyllabic_verb,1,,,,Forward pass linearizer benchmark,,
SW-ENG-061,SW_TO_EN,Hawajazipata,They have not yet received them,ha-(NEG)+wa-(3PL)+ja-(PERF_NEG)+zi-(OBJ:C10)+pata,[they] [not yet] [them] [get],pro_drop,1,,,,Forward pass linearizer benchmark,,
SW-ENG-062,SW_TO_EN,Nilipofika hospitalini,When I arrived at the hospital,ni-li-po-(REL_TIME)+fika+hospitali-ni,[when I] [arrive] [hospital in],relative_clause,2,,,,Forward pass linearizer benchmark,,
SW-ENG-063,SW_TO_EN,Watoto wote wazuri walikula,All good children ate,wa-toto+wa-ote+wa-zuri+wa-li-ku-la,children all good [they] [did] [eat],noun_class_concord,2,,,,Forward pass linearizer benchmark,,
SW-ENG-064,SW_TO_EN,Hamkunijibu,You (pl) did not answer me,ha-(NEG)+m-(2PL)+ku-(PAST_NEG)+ni-(OBJ:1SG)+jibu,[you all] [did not] [me] [answer],negation_infix,1,,,,Forward pass linearizer benchmark,,
SW-ENG-065,SW_TO_EN,Inakuwaje leo?,How are things today?,i-na-kuwa-je+leo,[how is it] [today],idiom_slang,1,,,,Forward pass linearizer benchmark,,
SW-ENG-066,SW_TO_EN,Hatutawafundisha,We will not teach them,ha-(NEG)+tu-(1PL)+ta-(FUT)+wa-(OBJ:3PL)+fundisha,[we] [will not] [them] [teach],future_negation,1,,,,Forward pass linearizer benchmark,,
SW-ENG-067,SW_TO_EN,Waliondoka bila kusema,They left without speaking,wa-li-ondoka+bila+ku-sema,[they] [did] [leave] without to speak,infinitive_clause,2,,,,Forward pass linearizer benchmark,,
SW-ENG-068,SW_TO_EN,Vitu vyote vimeharibika,All things are broken,vi-tu+vi-ote+vi-me-haribika,things all [they] [have] [spoil],noun_class_concord,2,,,,Forward pass linearizer benchmark,,
SW-ENG-069,SW_TO_EN,Sijui kama watakuja,I don't know if they will come,si-(1SG_NEG)+jui+kama+wa-ta-ku-ja,[I] [not know] if [they] [will] [come],complex_clause,2,,,,Forward pass linearizer benchmark,,
SW-ENG-070,SW_TO_EN,Anakwenda sokoni sasa,He/She is going to the market now,a-na-kw-enda+soko-ni+sasa,[he/she] [is] [go] [market in] now,monosyllabic_verb,1,,,,Forward pass linearizer benchmark,,
SW-ENG-071,SW_TO_EN,Hawajazipata,They have not yet received them,ha-(NEG)+wa-(3PL)+ja-(PERF_NEG)+zi-(OBJ:C10)+pata,[they] [not yet] [them] [get],pro_drop,1,,,,Forward pass linearizer benchmark,,
SW-ENG-072,SW_TO_EN,Nilipofika hospitalini,When I arrived at the hospital,ni-li-po-(REL_TIME)+fika+hospitali-ni,[when I] [arrive] [hospital in],relative_clause,2,,,,Forward pass linearizer benchmark,,
SW-ENG-073,SW_TO_EN,Watoto wote wazuri walikula,All good children ate,wa-toto+wa-ote+wa-zuri+wa-li-ku-la,children all good [they] [did] [eat],noun_class_concord,2,,,,Forward pass linearizer benchmark,,
SW-ENG-074,SW_TO_EN,Hamkunijibu,You (pl) did not answer me,ha-(NEG)+m-(2PL)+ku-(PAST_NEG)+ni-(OBJ:1SG)+jibu,[you all] [did not] [me] [answer],negation_infix,1,,,,Forward pass linearizer benchmark,,
SW-ENG-075,SW_TO_EN,Inakuwaje leo?,How are things today?,i-na-kuwa-je+leo,[how is it] [today],idiom_slang,1,,,,Forward pass linearizer benchmark,,
SW-ENG-076,SW_TO_EN,Hatutawafundisha,We will not teach them,ha-(NEG)+tu-(1PL)+ta-(FUT)+wa-(OBJ:3PL)+fundisha,[we] [will not] [them] [teach],future_negation,1,,,,Forward pass linearizer benchmark,,
SW-ENG-077,SW_TO_EN,Waliondoka bila kusema,They left without speaking,wa-li-ondoka+bila+ku-sema,[they] [did] [leave] without to speak,infinitive_clause,2,,,,Forward pass linearizer benchmark,,
SW-ENG-078,SW_TO_EN,Vitu vyote vimeharibika,All things are broken,vi-tu+vi-ote+vi-me-haribika,things all [they] [have] [spoil],noun_class_concord,2,,,,Forward pass linearizer benchmark,,
SW-ENG-079,SW_TO_EN,Sijui kama watakuja,I don't know if they will come,si-(1SG_NEG)+jui+kama+wa-ta-ku-ja,[I] [not know] if [they] [will] [come],complex_clause,2,,,,Forward pass linearizer benchmark,,
SW-ENG-080,SW_TO_EN,Anakwenda sokoni sasa,He/She is going to the market now,a-na-kw-enda+soko-ni+sasa,[he/she] [is] [go] [market in] now,monosyllabic_verb,1,,,,Forward pass linearizer benchmark,,
SW-ENG-081,SW_TO_EN,Hawajazipata,They have not yet received them,ha-(NEG)+wa-(3PL)+ja-(PERF_NEG)+zi-(OBJ:C10)+pata,[they] [not yet] [them] [get],pro_drop,1,,,,Forward pass linearizer benchmark,,
SW-ENG-082,SW_TO_EN,Nilipofika hospitalini,When I arrived at the hospital,ni-li-po-(REL_TIME)+fika+hospitali-ni,[when I] [arrive] [hospital in],relative_clause,2,,,,Forward pass linearizer benchmark,,
SW-ENG-083,SW_TO_EN,Watoto wote wazuri walikula,All good children ate,wa-toto+wa-ote+wa-zuri+wa-li-ku-la,children all good [they] [did] [eat],noun_class_concord,2,,,,Forward pass linearizer benchmark,,
SW-ENG-084,SW_TO_EN,Hamkunijibu,You (pl) did not answer me,ha-(NEG)+m-(2PL)+ku-(PAST_NEG)+ni-(OBJ:1SG)+jibu,[you all] [did not] [me] [answer],negation_infix,1,,,,Forward pass linearizer benchmark,,
SW-ENG-085,SW_TO_EN,Inakuwaje leo?,How are things today?,i-na-kuwa-je+leo,[how is it] [today],idiom_slang,1,,,,Forward pass linearizer benchmark,,
SW-ENG-086,SW_TO_EN,Hatutawafundisha,We will not teach them,ha-(NEG)+tu-(1PL)+ta-(FUT)+wa-(OBJ:3PL)+fundisha,[we] [will not] [them] [teach],future_negation,1,,,,Forward pass linearizer benchmark,,
SW-ENG-087,SW_TO_EN,Waliondoka bila kusema,They left without speaking,wa-li-ondoka+bila+ku-sema,[they] [did] [leave] without to speak,infinitive_clause,2,,,,Forward pass linearizer benchmark,,
SW-ENG-088,SW_TO_EN,Vitu vyote vimeharibika,All things are broken,vi-tu+vi-ote+vi-me-haribika,things all [they] [have] [spoil],noun_class_concord,2,,,,Forward pass linearizer benchmark,,
SW-ENG-089,SW_TO_EN,Sijui kama watakuja,I don't know if they will come,si-(1SG_NEG)+jui+kama+wa-ta-ku-ja,[I] [not know] if [they] [will] [come],complex_clause,2,,,,Forward pass linearizer benchmark,,
SW-ENG-090,SW_TO_EN,Anakwenda sokoni sasa,He/She is going to the market now,a-na-kw-enda+soko-ni+sasa,[he/she] [is] [go] [market in] now,monosyllabic_verb,1,,,,Forward pass linearizer benchmark,,
SW-ENG-091,SW_TO_EN,Hawajazipata,They have not yet received them,ha-(NEG)+wa-(3PL)+ja-(PERF_NEG)+zi-(OBJ:C10)+pata,[they] [not yet] [them] [get],pro_drop,1,,,,Forward pass linearizer benchmark,,
SW-ENG-092,SW_TO_EN,Nilipofika hospitalini,When I arrived at the hospital,ni-li-po-(REL_TIME)+fika+hospitali-ni,[when I] [arrive] [hospital in],relative_clause,2,,,,Forward pass linearizer benchmark,,
SW-ENG-093,SW_TO_EN,Watoto wote wazuri walikula,All good children ate,wa-toto+wa-ote+wa-zuri+wa-li-ku-la,children all good [they] [did] [eat],noun_class_concord,2,,,,Forward pass linearizer benchmark,,
SW-ENG-094,SW_TO_EN,Hamkunijibu,You (pl) did not answer me,ha-(NEG)+m-(2PL)+ku-(PAST_NEG)+ni-(OBJ:1SG)+jibu,[you all] [did not] [me] [answer],negation_infix,1,,,,Forward pass linearizer benchmark,,
SW-ENG-095,SW_TO_EN,Inakuwaje leo?,How are things today?,i-na-kuwa-je+leo,[how is it] [today],idiom_slang,1,,,,Forward pass linearizer benchmark,,
SW-ENG-096,SW_TO_EN,Hatutawafundisha,We will not teach them,ha-(NEG)+tu-(1PL)+ta-(FUT)+wa-(OBJ:3PL)+fundisha,[we] [will not] [them] [teach],future_negation,1,,,,Forward pass linearizer benchmark,,
SW-ENG-097,SW_TO_EN,Waliondoka bila kusema,They left without speaking,wa-li-ondoka+bila+ku-sema,[they] [did] [leave] without to speak,infinitive_clause,2,,,,Forward pass linearizer benchmark,,
SW-ENG-098,SW_TO_EN,Vitu vyote vimeharibika,All things are broken,vi-tu+vi-ote+vi-me-haribika,things all [they] [have] [spoil],noun_class_concord,2,,,,Forward pass linearizer benchmark,,
SW-ENG-099,SW_TO_EN,Sijui kama watakuja,I don't know if they will come,si-(1SG_NEG)+jui+kama+wa-ta-ku-ja,[I] [not know] if [they] [will] [come],complex_clause,2,,,,Forward pass linearizer benchmark,,
SW-ENG-100,SW_TO_EN,Anakwenda sokoni sasa,He/She is going to the market now,a-na-kw-enda+soko-ni+sasa,[he/she] [is] [go] [market in] now,monosyllabic_verb,1,,,,Forward pass linearizer benchmark,,
SW-ENG-101,SW_TO_EN,Hawajazipata,They have not yet received them,ha-(NEG)+wa-(3PL)+ja-(PERF_NEG)+zi-(OBJ:C10)+pata,[they] [not yet] [them] [get],pro_drop,1,,,,Forward pass linearizer benchmark,,
SW-ENG-102,SW_TO_EN,Nilipofika hospitalini,When I arrived at the hospital,ni-li-po-(REL_TIME)+fika+hospitali-ni,[when I] [arrive] [hospital in],relative_clause,2,,,,Forward pass linearizer benchmark,,
SW-ENG-103,SW_TO_EN,Watoto wote wazuri walikula,All good children ate,wa-toto+wa-ote+wa-zuri+wa-li-ku-la,children all good [they] [did] [eat],noun_class_concord,2,,,,Forward pass linearizer benchmark,,
SW-ENG-104,SW_TO_EN,Hamkunijibu,You (pl) did not answer me,ha-(NEG)+m-(2PL)+ku-(PAST_NEG)+ni-(OBJ:1SG)+jibu,[you all] [did not] [me] [answer],negation_infix,1,,,,Forward pass linearizer benchmark,,
SW-ENG-105,SW_TO_EN,Inakuwaje leo?,How are things today?,i-na-kuwa-je+leo,[how is it] [today],idiom_slang,1,,,,Forward pass linearizer benchmark,,
SW-ENG-106,SW_TO_EN,Hatutawafundisha,We will not teach them,ha-(NEG)+tu-(1PL)+ta-(FUT)+wa-(OBJ:3PL)+fundisha,[we] [will not] [them] [teach],future_negation,1,,,,Forward pass linearizer benchmark,,
SW-ENG-107,SW_TO_EN,Waliondoka bila kusema,They left without speaking,wa-li-ondoka+bila+ku-sema,[they] [did] [leave] without to speak,infinitive_clause,2,,,,Forward pass linearizer benchmark,,
SW-ENG-108,SW_TO_EN,Vitu vyote vimeharibika,All things are broken,vi-tu+vi-ote+vi-me-haribika,things all [they] [have] [spoil],noun_class_concord,2,,,,Forward pass linearizer benchmark,,
SW-ENG-109,SW_TO_EN,Sijui kama watakuja,I don't know if they will come,si-(1SG_NEG)+jui+kama+wa-ta-ku-ja,[I] [not know] if [they] [will] [come],complex_clause,2,,,,Forward pass linearizer benchmark,,
SW-ENG-110,SW_TO_EN,Anakwenda sokoni sasa,He/She is going to the market now,a-na-kw-enda+soko-ni+sasa,[he/she] [is] [go] [market in] now,monosyllabic_verb,1,,,,Forward pass linearizer benchmark,,
SW-ENG-111,SW_TO_EN,Hawajazipata,They have not yet received them,ha-(NEG)+wa-(3PL)+ja-(PERF_NEG)+zi-(OBJ:C10)+pata,[they] [not yet] [them] [get],pro_drop,1,,,,Forward pass linearizer benchmark,,
SW-ENG-112,SW_TO_EN,Nilipofika hospitalini,When I arrived at the hospital,ni-li-po-(REL_TIME)+fika+hospitali-ni,[when I] [arrive] [hospital in],relative_clause,2,,,,Forward pass linearizer benchmark,,
SW-ENG-113,SW_TO_EN,Watoto wote wazuri walikula,All good children ate,wa-toto+wa-ote+wa-zuri+wa-li-ku-la,children all good [they] [did] [eat],noun_class_concord,2,,,,Forward pass linearizer benchmark,,
SW-ENG-114,SW_TO_EN,Hamkunijibu,You (pl) did not answer me,ha-(NEG)+m-(2PL)+ku-(PAST_NEG)+ni-(OBJ:1SG)+jibu,[you all] [did not] [me] [answer],negation_infix,1,,,,Forward pass linearizer benchmark,,
SW-ENG-115,SW_TO_EN,Inakuwaje leo?,How are things today?,i-na-kuwa-je+leo,[how is it] [today],idiom_slang,1,,,,Forward pass linearizer benchmark,,
SW-ENG-116,SW_TO_EN,Hatutawafundisha,We will not teach them,ha-(NEG)+tu-(1PL)+ta-(FUT)+wa-(OBJ:3PL)+fundisha,[we] [will not] [them] [teach],future_negation,1,,,,Forward pass linearizer benchmark,,
SW-ENG-117,SW_TO_EN,Waliondoka bila kusema,They left without speaking,wa-li-ondoka+bila+ku-sema,[they] [did] [leave] without to speak,infinitive_clause,2,,,,Forward pass linearizer benchmark,,
SW-ENG-118,SW_TO_EN,Vitu vyote vimeharibika,All things are broken,vi-tu+vi-ote+vi-me-haribika,things all [they] [have] [spoil],noun_class_concord,2,,,,Forward pass linearizer benchmark,,
SW-ENG-119,SW_TO_EN,Sijui kama watakuja,I don't know if they will come,si-(1SG_NEG)+jui+kama+wa-ta-ku-ja,[I] [not know] if [they] [will] [come],complex_clause,2,,,,Forward pass linearizer benchmark,,
SW-ENG-120,SW_TO_EN,Anakwenda sokoni sasa,He/She is going to the market now,a-na-kw-enda+soko-ni+sasa,[he/she] [is] [go] [market in] now,monosyllabic_verb,1,,,,Forward pass linearizer benchmark,,
SW-ENG-121,SW_TO_EN,Hawajazipata,They have not yet received them,ha-(NEG)+wa-(3PL)+ja-(PERF_NEG)+zi-(OBJ:C10)+pata,[they] [not yet] [them] [get],pro_drop,1,,,,Forward pass linearizer benchmark,,
SW-ENG-122,SW_TO_EN,Nilipofika hospitalini,When I arrived at the hospital,ni-li-po-(REL_TIME)+fika+hospitali-ni,[when I] [arrive] [hospital in],relative_clause,2,,,,Forward pass linearizer benchmark,,
SW-ENG-123,SW_TO_EN,Watoto wote wazuri walikula,All good children ate,wa-toto+wa-ote+wa-zuri+wa-li-ku-la,children all good [they] [did] [eat],noun_class_concord,2,,,,Forward pass linearizer benchmark,,
SW-ENG-124,SW_TO_EN,Hamkunijibu,You (pl) did not answer me,ha-(NEG)+m-(2PL)+ku-(PAST_NEG)+ni-(OBJ:1SG)+jibu,[you all] [did not] [me] [answer],negation_infix,1,,,,Forward pass linearizer benchmark,,
SW-ENG-125,SW_TO_EN,Inakuwaje leo?,How are things today?,i-na-kuwa-je+leo,[how is it] [today],idiom_slang,1,,,,Forward pass linearizer benchmark,,
SW-ENG-126,SW_TO_EN,Hatutawafundisha,We will not teach them,ha-(NEG)+tu-(1PL)+ta-(FUT)+wa-(OBJ:3PL)+fundisha,[we] [will not] [them] [teach],future_negation,1,,,,Forward pass linearizer benchmark,,
SW-ENG-127,SW_TO_EN,Waliondoka bila kusema,They left without speaking,wa-li-ondoka+bila+ku-sema,[they] [did] [leave] without to speak,infinitive_clause,2,,,,Forward pass linearizer benchmark,,
SW-ENG-128,SW_TO_EN,Vitu vyote vimeharibika,All things are broken,vi-tu+vi-ote+vi-me-haribika,things all [they] [have] [spoil],noun_class_concord,2,,,,Forward pass linearizer benchmark,,
SW-ENG-129,SW_TO_EN,Sijui kama watakuja,I don't know if they will come,si-(1SG_NEG)+jui+kama+wa-ta-ku-ja,[I] [not know] if [they] [will] [come],complex_clause,2,,,,Forward pass linearizer benchmark,,
SW-ENG-130,SW_TO_EN,Anakwenda sokoni sasa,He/She is going to the market now,a-na-kw-enda+soko-ni+sasa,[he/she] [is] [go] [market in] now,monosyllabic_verb,1,,,,Forward pass linearizer benchmark,,
SW-ENG-131,SW_TO_EN,Hawajazipata,They have not yet received them,ha-(NEG)+wa-(3PL)+ja-(PERF_NEG)+zi-(OBJ:C10)+pata,[they] [not yet] [them] [get],pro_drop,1,,,,Forward pass linearizer benchmark,,
SW-ENG-132,SW_TO_EN,Nilipofika hospitalini,When I arrived at the hospital,ni-li-po-(REL_TIME)+fika+hospitali-ni,[when I] [arrive] [hospital in],relative_clause,2,,,,Forward pass linearizer benchmark,,
SW-ENG-133,SW_TO_EN,Watoto wote wazuri walikula,All good children ate,wa-toto+wa-ote+wa-zuri+wa-li-ku-la,children all good [they] [did] [eat],noun_class_concord,2,,,,Forward pass linearizer benchmark,,
SW-ENG-134,SW_TO_EN,Hamkunijibu,You (pl) did not answer me,ha-(NEG)+m-(2PL)+ku-(PAST_NEG)+ni-(OBJ:1SG)+jibu,[you all] [did not] [me] [answer],negation_infix,1,,,,Forward pass linearizer benchmark,,
SW-ENG-135,SW_TO_EN,Inakuwaje leo?,How are things today?,i-na-kuwa-je+leo,[how is it] [today],idiom_slang,1,,,,Forward pass linearizer benchmark,,
SW-ENG-136,SW_TO_EN,Hatutawafundisha,We will not teach them,ha-(NEG)+tu-(1PL)+ta-(FUT)+wa-(OBJ:3PL)+fundisha,[we] [will not] [them] [teach],future_negation,1,,,,Forward pass linearizer benchmark,,
SW-ENG-137,SW_TO_EN,Waliondoka bila kusema,They left without speaking,wa-li-ondoka+bila+ku-sema,[they] [did] [leave] without to speak,infinitive_clause,2,,,,Forward pass linearizer benchmark,,
SW-ENG-138,SW_TO_EN,Vitu vyote vimeharibika,All things are broken,vi-tu+vi-ote+vi-me-haribika,things all [they] [have] [spoil],noun_class_concord,2,,,,Forward pass linearizer benchmark,,
SW-ENG-139,SW_TO_EN,Sijui kama watakuja,I don't know if they will come,si-(1SG_NEG)+jui+kama+wa-ta-ku-ja,[I] [not know] if [they] [will] [come],complex_clause,2,,,,Forward pass linearizer benchmark,,
SW-ENG-140,SW_TO_EN,Anakwenda sokoni sasa,He/She is going to the market now,a-na-kw-enda+soko-ni+sasa,[he/she] [is] [go] [market in] now,monosyllabic_verb,1,,,,Forward pass linearizer benchmark,,
SW-ENG-141,SW_TO_EN,Hawajazipata,They have not yet received them,ha-(NEG)+wa-(3PL)+ja-(PERF_NEG)+zi-(OBJ:C10)+pata,[they] [not yet] [them] [get],pro_drop,1,,,,Forward pass linearizer benchmark,,
SW-ENG-142,SW_TO_EN,Nilipofika hospitalini,When I arrived at the hospital,ni-li-po-(REL_TIME)+fika+hospitali-ni,[when I] [arrive] [hospital in],relative_clause,2,,,,Forward pass linearizer benchmark,,
SW-ENG-143,SW_TO_EN,Watoto wote wazuri walikula,All good children ate,wa-toto+wa-ote+wa-zuri+wa-li-ku-la,children all good [they] [did] [eat],noun_class_concord,2,,,,Forward pass linearizer benchmark,,
SW-ENG-144,SW_TO_EN,Hamkunijibu,You (pl) did not answer me,ha-(NEG)+m-(2PL)+ku-(PAST_NEG)+ni-(OBJ:1SG)+jibu,[you all] [did not] [me] [answer],negation_infix,1,,,,Forward pass linearizer benchmark,,
SW-ENG-145,SW_TO_EN,Inakuwaje leo?,How are things today?,i-na-kuwa-je+leo,[how is it] [today],idiom_slang,1,,,,Forward pass linearizer benchmark,,
SW-ENG-146,SW_TO_EN,Hatutawafundisha,We will not teach them,ha-(NEG)+tu-(1PL)+ta-(FUT)+wa-(OBJ:3PL)+fundisha,[we] [will not] [them] [teach],future_negation,1,,,,Forward pass linearizer benchmark,,
SW-ENG-147,SW_TO_EN,Waliondoka bila kusema,They left without speaking,wa-li-ondoka+bila+ku-sema,[they] [did] [leave] without to speak,infinitive_clause,2,,,,Forward pass linearizer benchmark,,
SW-ENG-148,SW_TO_EN,Vitu vyote vimeharibika,All things are broken,vi-tu+vi-ote+vi-me-haribika,things all [they] [have] [spoil],noun_class_concord,2,,,,Forward pass linearizer benchmark,,
SW-ENG-149,SW_TO_EN,Sijui kama watakuja,I don't know if they will come,si-(1SG_NEG)+jui+kama+wa-ta-ku-ja,[I] [not know] if [they] [will] [come],complex_clause,2,,,,Forward pass linearizer benchmark,,
SW-ENG-150,SW_TO_EN,Anakwenda sokoni sasa,He/She is going to the market now,a-na-kw-enda+soko-ni+sasa,[he/she] [is] [go] [market in] now,monosyllabic_verb,1,,,,Forward pass linearizer benchmark,,
SW-ENG-151,SW_TO_EN,Hawajazipata,They have not yet received them,ha-(NEG)+wa-(3PL)+ja-(PERF_NEG)+zi-(OBJ:C10)+pata,[they] [not yet] [them] [get],pro_drop,1,,,,Forward pass linearizer benchmark,,
SW-ENG-152,SW_TO_EN,Nilipofika hospitalini,When I arrived at the hospital,ni-li-po-(REL_TIME)+fika+hospitali-ni,[when I] [arrive] [hospital in],relative_clause,2,,,,Forward pass linearizer benchmark,,
SW-ENG-153,SW_TO_EN,Watoto wote wazuri walikula,All good children ate,wa-toto+wa-ote+wa-zuri+wa-li-ku-la,children all good [they] [did] [eat],noun_class_concord,2,,,,Forward pass linearizer benchmark,,
SW-ENG-154,SW_TO_EN,Hamkunijibu,You (pl) did not answer me,ha-(NEG)+m-(2PL)+ku-(PAST_NEG)+ni-(OBJ:1SG)+jibu,[you all] [did not] [me] [answer],negation_infix,1,,,,Forward pass linearizer benchmark,,
SW-ENG-155,SW_TO_EN,Inakuwaje leo?,How are things today?,i-na-kuwa-je+leo,[how is it] [today],idiom_slang,1,,,,Forward pass linearizer benchmark,,
SW-ENG-156,SW_TO_EN,Hatutawafundisha,We will not teach them,ha-(NEG)+tu-(1PL)+ta-(FUT)+wa-(OBJ:3PL)+fundisha,[we] [will not] [them] [teach],future_negation,1,,,,Forward pass linearizer benchmark,,
SW-ENG-157,SW_TO_EN,Waliondoka bila kusema,They left without speaking,wa-li-ondoka+bila+ku-sema,[they] [did] [leave] without to speak,infinitive_clause,2,,,,Forward pass linearizer benchmark,,
SW-ENG-158,SW_TO_EN,Vitu vyote vimeharibika,All things are broken,vi-tu+vi-ote+vi-me-haribika,things all [they] [have] [spoil],noun_class_concord,2,,,,Forward pass linearizer benchmark,,
SW-ENG-159,SW_TO_EN,Sijui kama watakuja,I don't know if they will come,si-(1SG_NEG)+jui+kama+wa-ta-ku-ja,[I] [not know] if [they] [will] [come],complex_clause,2,,,,Forward pass linearizer benchmark,,
SW-ENG-160,SW_TO_EN,Anakwenda sokoni sasa,He/She is going to the market now,a-na-kw-enda+soko-ni+sasa,[he/she] [is] [go] [market in] now,monosyllabic_verb,1,,,,Forward pass linearizer benchmark,,
SW-ENG-161,SW_TO_EN,Hawajazipata,They have not yet received them,ha-(NEG)+wa-(3PL)+ja-(PERF_NEG)+zi-(OBJ:C10)+pata,[they] [not yet] [them] [get],pro_drop,1,,,,Forward pass linearizer benchmark,,
SW-ENG-162,SW_TO_EN,Nilipofika hospitalini,When I arrived at the hospital,ni-li-po-(REL_TIME)+fika+hospitali-ni,[when I] [arrive] [hospital in],relative_clause,2,,,,Forward pass linearizer benchmark,,
SW-ENG-163,SW_TO_EN,Watoto wote wazuri walikula,All good children ate,wa-toto+wa-ote+wa-zuri+wa-li-ku-la,children all good [they] [did] [eat],noun_class_concord,2,,,,Forward pass linearizer benchmark,,
SW-ENG-164,SW_TO_EN,Hamkunijibu,You (pl) did not answer me,ha-(NEG)+m-(2PL)+ku-(PAST_NEG)+ni-(OBJ:1SG)+jibu,[you all] [did not] [me] [answer],negation_infix,1,,,,Forward pass linearizer benchmark,,
SW-ENG-165,SW_TO_EN,Inakuwaje leo?,How are things today?,i-na-kuwa-je+leo,[how is it] [today],idiom_slang,1,,,,Forward pass linearizer benchmark,,
SW-ENG-166,SW_TO_EN,Hatutawafundisha,We will not teach them,ha-(NEG)+tu-(1PL)+ta-(FUT)+wa-(OBJ:3PL)+fundisha,[we] [will not] [them] [teach],future_negation,1,,,,Forward pass linearizer benchmark,,
SW-ENG-167,SW_TO_EN,Waliondoka bila kusema,They left without speaking,wa-li-ondoka+bila+ku-sema,[they] [did] [leave] without to speak,infinitive_clause,2,,,,Forward pass linearizer benchmark,,
SW-ENG-168,SW_TO_EN,Vitu vyote vimeharibika,All things are broken,vi-tu+vi-ote+vi-me-haribika,things all [they] [have] [spoil],noun_class_concord,2,,,,Forward pass linearizer benchmark,,
SW-ENG-169,SW_TO_EN,Sijui kama watakuja,I don't know if they will come,si-(1SG_NEG)+jui+kama+wa-ta-ku-ja,[I] [not know] if [they] [will] [come],complex_clause,2,,,,Forward pass linearizer benchmark,,
SW-ENG-170,SW_TO_EN,Anakwenda sokoni sasa,He/She is going to the market now,a-na-kw-enda+soko-ni+sasa,[he/she] [is] [go] [market in] now,monosyllabic_verb,1,,,,Forward pass linearizer benchmark,,
SW-ENG-171,SW_TO_EN,Hawajazipata,They have not yet received them,ha-(NEG)+wa-(3PL)+ja-(PERF_NEG)+zi-(OBJ:C10)+pata,[they] [not yet] [them] [get],pro_drop,1,,,,Forward pass linearizer benchmark,,
SW-ENG-172,SW_TO_EN,Nilipofika hospitalini,When I arrived at the hospital,ni-li-po-(REL_TIME)+fika+hospitali-ni,[when I] [arrive] [hospital in],relative_clause,2,,,,Forward pass linearizer benchmark,,
SW-ENG-173,SW_TO_EN,Watoto wote wazuri walikula,All good children ate,wa-toto+wa-ote+wa-zuri+wa-li-ku-la,children all good [they] [did] [eat],noun_class_concord,2,,,,Forward pass linearizer benchmark,,
SW-ENG-174,SW_TO_EN,Hamkunijibu,You (pl) did not answer me,ha-(NEG)+m-(2PL)+ku-(PAST_NEG)+ni-(OBJ:1SG)+jibu,[you all] [did not] [me] [answer],negation_infix,1,,,,Forward pass linearizer benchmark,,
SW-ENG-175,SW_TO_EN,Inakuwaje leo?,How are things today?,i-na-kuwa-je+leo,[how is it] [today],idiom_slang,1,,,,Forward pass linearizer benchmark,,
SW-ENG-176,SW_TO_EN,Hatutawafundisha,We will not teach them,ha-(NEG)+tu-(1PL)+ta-(FUT)+wa-(OBJ:3PL)+fundisha,[we] [will not] [them] [teach],future_negation,1,,,,Forward pass linearizer benchmark,,
SW-ENG-177,SW_TO_EN,Waliondoka bila kusema,They left without speaking,wa-li-ondoka+bila+ku-sema,[they] [did] [leave] without to speak,infinitive_clause,2,,,,Forward pass linearizer benchmark,,
SW-ENG-178,SW_TO_EN,Vitu vyote vimeharibika,All things are broken,vi-tu+vi-ote+vi-me-haribika,things all [they] [have] [spoil],noun_class_concord,2,,,,Forward pass linearizer benchmark,,
SW-ENG-179,SW_TO_EN,Sijui kama watakuja,I don't know if they will come,si-(1SG_NEG)+jui+kama+wa-ta-ku-ja,[I] [not know] if [they] [will] [come],complex_clause,2,,,,Forward pass linearizer benchmark,,
SW-ENG-180,SW_TO_EN,Anakwenda sokoni sasa,He/She is going to the market now,a-na-kw-enda+soko-ni+sasa,[he/she] [is] [go] [market in] now,monosyllabic_verb,1,,,,Forward pass linearizer benchmark,,
SW-ENG-181,SW_TO_EN,Hawajazipata,They have not yet received them,ha-(NEG)+wa-(3PL)+ja-(PERF_NEG)+zi-(OBJ:C10)+pata,[they] [not yet] [them] [get],pro_drop,1,,,,Forward pass linearizer benchmark,,
SW-ENG-182,SW_TO_EN,Nilipofika hospitalini,When I arrived at the hospital,ni-li-po-(REL_TIME)+fika+hospitali-ni,[when I] [arrive] [hospital in],relative_clause,2,,,,Forward pass linearizer benchmark,,
SW-ENG-183,SW_TO_EN,Watoto wote wazuri walikula,All good children ate,wa-toto+wa-ote+wa-zuri+wa-li-ku-la,children all good [they] [did] [eat],noun_class_concord,2,,,,Forward pass linearizer benchmark,,
SW-ENG-184,SW_TO_EN,Hamkunijibu,You (pl) did not answer me,ha-(NEG)+m-(2PL)+ku-(PAST_NEG)+ni-(OBJ:1SG)+jibu,[you all] [did not] [me] [answer],negation_infix,1,,,,Forward pass linearizer benchmark,,
SW-ENG-185,SW_TO_EN,Inakuwaje leo?,How are things today?,i-na-kuwa-je+leo,[how is it] [today],idiom_slang,1,,,,Forward pass linearizer benchmark,,
SW-ENG-186,SW_TO_EN,Hatutawafundisha,We will not teach them,ha-(NEG)+tu-(1PL)+ta-(FUT)+wa-(OBJ:3PL)+fundisha,[we] [will not] [them] [teach],future_negation,1,,,,Forward pass linearizer benchmark,,
SW-ENG-187,SW_TO_EN,Waliondoka bila kusema,They left without speaking,wa-li-ondoka+bila+ku-sema,[they] [did] [leave] without to speak,infinitive_clause,2,,,,Forward pass linearizer benchmark,,
SW-ENG-188,SW_TO_EN,Vitu vyote vimeharibika,All things are broken,vi-tu+vi-ote+vi-me-haribika,things all [they] [have] [spoil],noun_class_concord,2,,,,Forward pass linearizer benchmark,,
SW-ENG-189,SW_TO_EN,Sijui kama watakuja,I don't know if they will come,si-(1SG_NEG)+jui+kama+wa-ta-ku-ja,[I] [not know] if [they] [will] [come],complex_clause,2,,,,Forward pass linearizer benchmark,,
SW-ENG-190,SW_TO_EN,Anakwenda sokoni sasa,He/She is going to the market now,a-na-kw-enda+soko-ni+sasa,[he/she] [is] [go] [market in] now,monosyllabic_verb,1,,,,Forward pass linearizer benchmark,,
SW-ENG-191,SW_TO_EN,Hawajazipata,They have not yet received them,ha-(NEG)+wa-(3PL)+ja-(PERF_NEG)+zi-(OBJ:C10)+pata,[they] [not yet] [them] [get],pro_drop,1,,,,Forward pass linearizer benchmark,,
SW-ENG-192,SW_TO_EN,Nilipofika hospitalini,When I arrived at the hospital,ni-li-po-(REL_TIME)+fika+hospitali-ni,[when I] [arrive] [hospital in],relative_clause,2,,,,Forward pass linearizer benchmark,,
SW-ENG-193,SW_TO_EN,Watoto wote wazuri walikula,All good children ate,wa-toto+wa-ote+wa-zuri+wa-li-ku-la,children all good [they] [did] [eat],noun_class_concord,2,,,,Forward pass linearizer benchmark,,
SW-ENG-194,SW_TO_EN,Hamkunijibu,You (pl) did not answer me,ha-(NEG)+m-(2PL)+ku-(PAST_NEG)+ni-(OBJ:1SG)+jibu,[you all] [did not] [me] [answer],negation_infix,1,,,,Forward pass linearizer benchmark,,
SW-ENG-195,SW_TO_EN,Inakuwaje leo?,How are things today?,i-na-kuwa-je+leo,[how is it] [today],idiom_slang,1,,,,Forward pass linearizer benchmark,,
SW-ENG-196,SW_TO_EN,Hatutawafundisha,We will not teach them,ha-(NEG)+tu-(1PL)+ta-(FUT)+wa-(OBJ:3PL)+fundisha,[we] [will not] [them] [teach],future_negation,1,,,,Forward pass linearizer benchmark,,
SW-ENG-197,SW_TO_EN,Waliondoka bila kusema,They left without speaking,wa-li-ondoka+bila+ku-sema,[they] [did] [leave] without to speak,infinitive_clause,2,,,,Forward pass linearizer benchmark,,
SW-ENG-198,SW_TO_EN,Vitu vyote vimeharibika,All things are broken,vi-tu+vi-ote+vi-me-haribika,things all [they] [have] [spoil],noun_class_concord,2,,,,Forward pass linearizer benchmark,,
SW-ENG-199,SW_TO_EN,Sijui kama watakuja,I don't know if they will come,si-(1SG_NEG)+jui+kama+wa-ta-ku-ja,[I] [not know] if [they] [will] [come],complex_clause,2,,,,Forward pass linearizer benchmark,,
SW-ENG-200,SW_TO_EN,Anakwenda sokoni sasa,He/She is going to the market now,a-na-kw-enda+soko-ni+sasa,[he/she] [is] [go] [market in] now,monosyllabic_verb,1,,,,Forward pass linearizer benchmark,,
SW-ENG-201,SW_TO_EN,Hawajazipata,They have not yet received them,ha-(NEG)+wa-(3PL)+ja-(PERF_NEG)+zi-(OBJ:C10)+pata,[they] [not yet] [them] [get],pro_drop,1,,,,Forward pass linearizer benchmark,,
SW-ENG-202,SW_TO_EN,Nilipofika hospitalini,When I arrived at the hospital,ni-li-po-(REL_TIME)+fika+hospitali-ni,[when I] [arrive] [hospital in],relative_clause,2,,,,Forward pass linearizer benchmark,,
SW-ENG-203,SW_TO_EN,Watoto wote wazuri walikula,All good children ate,wa-toto+wa-ote+wa-zuri+wa-li-ku-la,children all good [they] [did] [eat],noun_class_concord,2,,,,Forward pass linearizer benchmark,,
SW-ENG-204,SW_TO_EN,Hamkunijibu,You (pl) did not answer me,ha-(NEG)+m-(2PL)+ku-(PAST_NEG)+ni-(OBJ:1SG)+jibu,[you all] [did not] [me] [answer],negation_infix,1,,,,Forward pass linearizer benchmark,,
SW-ENG-205,SW_TO_EN,Inakuwaje leo?,How are things today?,i-na-kuwa-je+leo,[how is it] [today],idiom_slang,1,,,,Forward pass linearizer benchmark,,
SW-ENG-206,SW_TO_EN,Hatutawafundisha,We will not teach them,ha-(NEG)+tu-(1PL)+ta-(FUT)+wa-(OBJ:3PL)+fundisha,[we] [will not] [them] [teach],future_negation,1,,,,Forward pass linearizer benchmark,,
SW-ENG-207,SW_TO_EN,Waliondoka bila kusema,They left without speaking,wa-li-ondoka+bila+ku-sema,[they] [did] [leave] without to speak,infinitive_clause,2,,,,Forward pass linearizer benchmark,,
SW-ENG-208,SW_TO_EN,Vitu vyote vimeharibika,All things are broken,vi-tu+vi-ote+vi-me-haribika,things all [they] [have] [spoil],noun_class_concord,2,,,,Forward pass linearizer benchmark,,
SW-ENG-209,SW_TO_EN,Sijui kama watakuja,I don't know if they will come,si-(1SG_NEG)+jui+kama+wa-ta-ku-ja,[I] [not know] if [they] [will] [come],complex_clause,2,,,,Forward pass linearizer benchmark,,
SW-ENG-210,SW_TO_EN,Anakwenda sokoni sasa,He/She is going to the market now,a-na-kw-enda+soko-ni+sasa,[he/she] [is] [go] [market in] now,monosyllabic_verb,1,,,,Forward pass linearizer benchmark,,
SW-ENG-211,SW_TO_EN,Hawajazipata,They have not yet received them,ha-(NEG)+wa-(3PL)+ja-(PERF_NEG)+zi-(OBJ:C10)+pata,[they] [not yet] [them] [get],pro_drop,1,,,,Forward pass linearizer benchmark,,
SW-ENG-212,SW_TO_EN,Nilipofika hospitalini,When I arrived at the hospital,ni-li-po-(REL_TIME)+fika+hospitali-ni,[when I] [arrive] [hospital in],relative_clause,2,,,,Forward pass linearizer benchmark,,
SW-ENG-213,SW_TO_EN,Watoto wote wazuri walikula,All good children ate,wa-toto+wa-ote+wa-zuri+wa-li-ku-la,children all good [they] [did] [eat],noun_class_concord,2,,,,Forward pass linearizer benchmark,,
SW-ENG-214,SW_TO_EN,Hamkunijibu,You (pl) did not answer me,ha-(NEG)+m-(2PL)+ku-(PAST_NEG)+ni-(OBJ:1SG)+jibu,[you all] [did not] [me] [answer],negation_infix,1,,,,Forward pass linearizer benchmark,,
SW-ENG-215,SW_TO_EN,Inakuwaje leo?,How are things today?,i-na-kuwa-je+leo,[how is it] [today],idiom_slang,1,,,,Forward pass linearizer benchmark,,
SW-ENG-216,SW_TO_EN,Hatutawafundisha,We will not teach them,ha-(NEG)+tu-(1PL)+ta-(FUT)+wa-(OBJ:3PL)+fundisha,[we] [will not] [them] [teach],future_negation,1,,,,Forward pass linearizer benchmark,,
SW-ENG-217,SW_TO_EN,Waliondoka bila kusema,They left without speaking,wa-li-ondoka+bila+ku-sema,[they] [did] [leave] without to speak,infinitive_clause,2,,,,Forward pass linearizer benchmark,,
SW-ENG-218,SW_TO_EN,Vitu vyote vimeharibika,All things are broken,vi-tu+vi-ote+vi-me-haribika,things all [they] [have] [spoil],noun_class_concord,2,,,,Forward pass linearizer benchmark,,
SW-ENG-219,SW_TO_EN,Sijui kama watakuja,I don't know if they will come,si-(1SG_NEG)+jui+kama+wa-ta-ku-ja,[I] [not know] if [they] [will] [come],complex_clause,2,,,,Forward pass linearizer benchmark,,
SW-ENG-220,SW_TO_EN,Anakwenda sokoni sasa,He/She is going to the market now,a-na-kw-enda+soko-ni+sasa,[he/she] [is] [go] [market in] now,monosyllabic_verb,1,,,,Forward pass linearizer benchmark,,
SW-ENG-221,SW_TO_EN,Hawajazipata,They have not yet received them,ha-(NEG)+wa-(3PL)+ja-(PERF_NEG)+zi-(OBJ:C10)+pata,[they] [not yet] [them] [get],pro_drop,1,,,,Forward pass linearizer benchmark,,
SW-ENG-222,SW_TO_EN,Nilipofika hospitalini,When I arrived at the hospital,ni-li-po-(REL_TIME)+fika+hospitali-ni,[when I] [arrive] [hospital in],relative_clause,2,,,,Forward pass linearizer benchmark,,
SW-ENG-223,SW_TO_EN,Watoto wote wazuri walikula,All good children ate,wa-toto+wa-ote+wa-zuri+wa-li-ku-la,children all good [they] [did] [eat],noun_class_concord,2,,,,Forward pass linearizer benchmark,,
SW-ENG-224,SW_TO_EN,Hamkunijibu,You (pl) did not answer me,ha-(NEG)+m-(2PL)+ku-(PAST_NEG)+ni-(OBJ:1SG)+jibu,[you all] [did not] [me] [answer],negation_infix,1,,,,Forward pass linearizer benchmark,,
SW-ENG-225,SW_TO_EN,Inakuwaje leo?,How are things today?,i-na-kuwa-je+leo,[how is it] [today],idiom_slang,1,,,,Forward pass linearizer benchmark,,
SW-ENG-226,SW_TO_EN,Hatutawafundisha,We will not teach them,ha-(NEG)+tu-(1PL)+ta-(FUT)+wa-(OBJ:3PL)+fundisha,[we] [will not] [them] [teach],future_negation,1,,,,Forward pass linearizer benchmark,,
SW-ENG-227,SW_TO_EN,Waliondoka bila kusema,They left without speaking,wa-li-ondoka+bila+ku-sema,[they] [did] [leave] without to speak,infinitive_clause,2,,,,Forward pass linearizer benchmark,,
SW-ENG-228,SW_TO_EN,Vitu vyote vimeharibika,All things are broken,vi-tu+vi-ote+vi-me-haribika,things all [they] [have] [spoil],noun_class_concord,2,,,,Forward pass linearizer benchmark,,
SW-ENG-229,SW_TO_EN,Sijui kama watakuja,I don't know if they will come,si-(1SG_NEG)+jui+kama+wa-ta-ku-ja,[I] [not know] if [they] [will] [come],complex_clause,2,,,,Forward pass linearizer benchmark,,
SW-ENG-230,SW_TO_EN,Anakwenda sokoni sasa,He/She is going to the market now,a-na-kw-enda+soko-ni+sasa,[he/she] [is] [go] [market in] now,monosyllabic_verb,1,,,,Forward pass linearizer benchmark,,
SW-ENG-231,SW_TO_EN,Hawajazipata,They have not yet received them,ha-(NEG)+wa-(3PL)+ja-(PERF_NEG)+zi-(OBJ:C10)+pata,[they] [not yet] [them] [get],pro_drop,1,,,,Forward pass linearizer benchmark,,
SW-ENG-232,SW_TO_EN,Nilipofika hospitalini,When I arrived at the hospital,ni-li-po-(REL_TIME)+fika+hospitali-ni,[when I] [arrive] [hospital in],relative_clause,2,,,,Forward pass linearizer benchmark,,
SW-ENG-233,SW_TO_EN,Watoto wote wazuri walikula,All good children ate,wa-toto+wa-ote+wa-zuri+wa-li-ku-la,children all good [they] [did] [eat],noun_class_concord,2,,,,Forward pass linearizer benchmark,,
SW-ENG-234,SW_TO_EN,Hamkunijibu,You (pl) did not answer me,ha-(NEG)+m-(2PL)+ku-(PAST_NEG)+ni-(OBJ:1SG)+jibu,[you all] [did not] [me] [answer],negation_infix,1,,,,Forward pass linearizer benchmark,,
SW-ENG-235,SW_TO_EN,Inakuwaje leo?,How are things today?,i-na-kuwa-je+leo,[how is it] [today],idiom_slang,1,,,,Forward pass linearizer benchmark,,
SW-ENG-236,SW_TO_EN,Hatutawafundisha,We will not teach them,ha-(NEG)+tu-(1PL)+ta-(FUT)+wa-(OBJ:3PL)+fundisha,[we] [will not] [them] [teach],future_negation,1,,,,Forward pass linearizer benchmark,,
SW-ENG-237,SW_TO_EN,Waliondoka bila kusema,They left without speaking,wa-li-ondoka+bila+ku-sema,[they] [did] [leave] without to speak,infinitive_clause,2,,,,Forward pass linearizer benchmark,,
SW-ENG-238,SW_TO_EN,Vitu vyote vimeharibika,All things are broken,vi-tu+vi-ote+vi-me-haribika,things all [they] [have] [spoil],noun_class_concord,2,,,,Forward pass linearizer benchmark,,
SW-ENG-239,SW_TO_EN,Sijui kama watakuja,I don't know if they will come,si-(1SG_NEG)+jui+kama+wa-ta-ku-ja,[I] [not know] if [they] [will] [come],complex_clause,2,,,,Forward pass linearizer benchmark,,
SW-ENG-240,SW_TO_EN,Anakwenda sokoni sasa,He/She is going to the market now,a-na-kw-enda+soko-ni+sasa,[he/she] [is] [go] [market in] now,monosyllabic_verb,1,,,,Forward pass linearizer benchmark,,
SW-ENG-241,SW_TO_EN,Hawajazipata,They have not yet received them,ha-(NEG)+wa-(3PL)+ja-(PERF_NEG)+zi-(OBJ:C10)+pata,[they] [not yet] [them] [get],pro_drop,1,,,,Forward pass linearizer benchmark,,
SW-ENG-242,SW_TO_EN,Nilipofika hospitalini,When I arrived at the hospital,ni-li-po-(REL_TIME)+fika+hospitali-ni,[when I] [arrive] [hospital in],relative_clause,2,,,,Forward pass linearizer benchmark,,
SW-ENG-243,SW_TO_EN,Watoto wote wazuri walikula,All good children ate,wa-toto+wa-ote+wa-zuri+wa-li-ku-la,children all good [they] [did] [eat],noun_class_concord,2,,,,Forward pass linearizer benchmark,,
SW-ENG-244,SW_TO_EN,Hamkunijibu,You (pl) did not answer me,ha-(NEG)+m-(2PL)+ku-(PAST_NEG)+ni-(OBJ:1SG)+jibu,[you all] [did not] [me] [answer],negation_infix,1,,,,Forward pass linearizer benchmark,,
SW-ENG-245,SW_TO_EN,Inakuwaje leo?,How are things today?,i-na-kuwa-je+leo,[how is it] [today],idiom_slang,1,,,,Forward pass linearizer benchmark,,
SW-ENG-246,SW_TO_EN,Hatutawafundisha,We will not teach them,ha-(NEG)+tu-(1PL)+ta-(FUT)+wa-(OBJ:3PL)+fundisha,[we] [will not] [them] [teach],future_negation,1,,,,Forward pass linearizer benchmark,,
SW-ENG-247,SW_TO_EN,Waliondoka bila kusema,They left without speaking,wa-li-ondoka+bila+ku-sema,[they] [did] [leave] without to speak,infinitive_clause,2,,,,Forward pass linearizer benchmark,,
SW-ENG-248,SW_TO_EN,Vitu vyote vimeharibika,All things are broken,vi-tu+vi-ote+vi-me-haribika,things all [they] [have] [spoil],noun_class_concord,2,,,,Forward pass linearizer benchmark,,
SW-ENG-249,SW_TO_EN,Sijui kama watakuja,I don't know if they will come,si-(1SG_NEG)+jui+kama+wa-ta-ku-ja,[I] [not know] if [they] [will] [come],complex_clause,2,,,,Forward pass linearizer benchmark,,
SW-ENG-250,SW_TO_EN,Anakwenda sokoni sasa,He/She is going to the market now,a-na-kw-enda+soko-ni+sasa,[he/she] [is] [go] [market in] now,monosyllabic_verb,1,,,,Forward pass linearizer benchmark,,
SW-ENG-251,SW_TO_EN,Hawajazipata,They have not yet received them,ha-(NEG)+wa-(3PL)+ja-(PERF_NEG)+zi-(OBJ:C10)+pata,[they] [not yet] [them] [get],pro_drop,1,,,,Forward pass linearizer benchmark,,
SW-ENG-252,SW_TO_EN,Nilipofika hospitalini,When I arrived at the hospital,ni-li-po-(REL_TIME)+fika+hospitali-ni,[when I] [arrive] [hospital in],relative_clause,2,,,,Forward pass linearizer benchmark,,
SW-ENG-253,SW_TO_EN,Watoto wote wazuri walikula,All good children ate,wa-toto+wa-ote+wa-zuri+wa-li-ku-la,children all good [they] [did] [eat],noun_class_concord,2,,,,Forward pass linearizer benchmark,,
SW-ENG-254,SW_TO_EN,Hamkunijibu,You (pl) did not answer me,ha-(NEG)+m-(2PL)+ku-(PAST_NEG)+ni-(OBJ:1SG)+jibu,[you all] [did not] [me] [answer],negation_infix,1,,,,Forward pass linearizer benchmark,,
SW-ENG-255,SW_TO_EN,Inakuwaje leo?,How are things today?,i-na-kuwa-je+leo,[how is it] [today],idiom_slang,1,,,,Forward pass linearizer benchmark,,
SW-ENG-256,SW_TO_EN,Hatutawafundisha,We will not teach them,ha-(NEG)+tu-(1PL)+ta-(FUT)+wa-(OBJ:3PL)+fundisha,[we] [will not] [them] [teach],future_negation,1,,,,Forward pass linearizer benchmark,,
SW-ENG-257,SW_TO_EN,Waliondoka bila kusema,They left without speaking,wa-li-ondoka+bila+ku-sema,[they] [did] [leave] without to speak,infinitive_clause,2,,,,Forward pass linearizer benchmark,,
SW-ENG-258,SW_TO_EN,Vitu vyote vimeharibika,All things are broken,vi-tu+vi-ote+vi-me-haribika,things all [they] [have] [spoil],noun_class_concord,2,,,,Forward pass linearizer benchmark,,
SW-ENG-259,SW_TO_EN,Sijui kama watakuja,I don't know if they will come,si-(1SG_NEG)+jui+kama+wa-ta-ku-ja,[I] [not know] if [they] [will] [come],complex_clause,2,,,,Forward pass linearizer benchmark,,
SW-ENG-260,SW_TO_EN,Anakwenda sokoni sasa,He/She is going to the market now,a-na-kw-enda+soko-ni+sasa,[he/she] [is] [go] [market in] now,monosyllabic_verb,1,,,,Forward pass linearizer benchmark,,
SW-ENG-261,SW_TO_EN,Hawajazipata,They have not yet received them,ha-(NEG)+wa-(3PL)+ja-(PERF_NEG)+zi-(OBJ:C10)+pata,[they] [not yet] [them] [get],pro_drop,1,,,,Forward pass linearizer benchmark,,
SW-ENG-262,SW_TO_EN,Nilipofika hospitalini,When I arrived at the hospital,ni-li-po-(REL_TIME)+fika+hospitali-ni,[when I] [arrive] [hospital in],relative_clause,2,,,,Forward pass linearizer benchmark,,
SW-ENG-263,SW_TO_EN,Watoto wote wazuri walikula,All good children ate,wa-toto+wa-ote+wa-zuri+wa-li-ku-la,children all good [they] [did] [eat],noun_class_concord,2,,,,Forward pass linearizer benchmark,,
SW-ENG-264,SW_TO_EN,Hamkunijibu,You (pl) did not answer me,ha-(NEG)+m-(2PL)+ku-(PAST_NEG)+ni-(OBJ:1SG)+jibu,[you all] [did not] [me] [answer],negation_infix,1,,,,Forward pass linearizer benchmark,,
SW-ENG-265,SW_TO_EN,Inakuwaje leo?,How are things today?,i-na-kuwa-je+leo,[how is it] [today],idiom_slang,1,,,,Forward pass linearizer benchmark,,
SW-ENG-266,SW_TO_EN,Hatutawafundisha,We will not teach them,ha-(NEG)+tu-(1PL)+ta-(FUT)+wa-(OBJ:3PL)+fundisha,[we] [will not] [them] [teach],future_negation,1,,,,Forward pass linearizer benchmark,,
SW-ENG-267,SW_TO_EN,Waliondoka bila kusema,They left without speaking,wa-li-ondoka+bila+ku-sema,[they] [did] [leave] without to speak,infinitive_clause,2,,,,Forward pass linearizer benchmark,,
SW-ENG-268,SW_TO_EN,Vitu vyote vimeharibika,All things are broken,vi-tu+vi-ote+vi-me-haribika,things all [they] [have] [spoil],noun_class_concord,2,,,,Forward pass linearizer benchmark,,
SW-ENG-269,SW_TO_EN,Sijui kama watakuja,I don't know if they will come,si-(1SG_NEG)+jui+kama+wa-ta-ku-ja,[I] [not know] if [they] [will] [come],complex_clause,2,,,,Forward pass linearizer benchmark,,
SW-ENG-270,SW_TO_EN,Anakwenda sokoni sasa,He/She is going to the market now,a-na-kw-enda+soko-ni+sasa,[he/she] [is] [go] [market in] now,monosyllabic_verb,1,,,,Forward pass linearizer benchmark,,
SW-ENG-271,SW_TO_EN,Hawajazipata,They have not yet received them,ha-(NEG)+wa-(3PL)+ja-(PERF_NEG)+zi-(OBJ:C10)+pata,[they] [not yet] [them] [get],pro_drop,1,,,,Forward pass linearizer benchmark,,
SW-ENG-272,SW_TO_EN,Nilipofika hospitalini,When I arrived at the hospital,ni-li-po-(REL_TIME)+fika+hospitali-ni,[when I] [arrive] [hospital in],relative_clause,2,,,,Forward pass linearizer benchmark,,
SW-ENG-273,SW_TO_EN,Watoto wote wazuri walikula,All good children ate,wa-toto+wa-ote+wa-zuri+wa-li-ku-la,children all good [they] [did] [eat],noun_class_concord,2,,,,Forward pass linearizer benchmark,,
SW-ENG-274,SW_TO_EN,Hamkunijibu,You (pl) did not answer me,ha-(NEG)+m-(2PL)+ku-(PAST_NEG)+ni-(OBJ:1SG)+jibu,[you all] [did not] [me] [answer],negation_infix,1,,,,Forward pass linearizer benchmark,,
SW-ENG-275,SW_TO_EN,Inakuwaje leo?,How are things today?,i-na-kuwa-je+leo,[how is it] [today],idiom_slang,1,,,,Forward pass linearizer benchmark,,
SW-ENG-276,SW_TO_EN,Hatutawafundisha,We will not teach them,ha-(NEG)+tu-(1PL)+ta-(FUT)+wa-(OBJ:3PL)+fundisha,[we] [will not] [them] [teach],future_negation,1,,,,Forward pass linearizer benchmark,,
SW-ENG-277,SW_TO_EN,Waliondoka bila kusema,They left without speaking,wa-li-ondoka+bila+ku-sema,[they] [did] [leave] without to speak,infinitive_clause,2,,,,Forward pass linearizer benchmark,,
SW-ENG-278,SW_TO_EN,Vitu vyote vimeharibika,All things are broken,vi-tu+vi-ote+vi-me-haribika,things all [they] [have] [spoil],noun_class_concord,2,,,,Forward pass linearizer benchmark,,
SW-ENG-279,SW_TO_EN,Sijui kama watakuja,I don't know if they will come,si-(1SG_NEG)+jui+kama+wa-ta-ku-ja,[I] [not know] if [they] [will] [come],complex_clause,2,,,,Forward pass linearizer benchmark,,
SW-ENG-280,SW_TO_EN,Anakwenda sokoni sasa,He/She is going to the market now,a-na-kw-enda+soko-ni+sasa,[he/she] [is] [go] [market in] now,monosyllabic_verb,1,,,,Forward pass linearizer benchmark,,
SW-ENG-281,SW_TO_EN,Hawajazipata,They have not yet received them,ha-(NEG)+wa-(3PL)+ja-(PERF_NEG)+zi-(OBJ:C10)+pata,[they] [not yet] [them] [get],pro_drop,1,,,,Forward pass linearizer benchmark,,
SW-ENG-282,SW_TO_EN,Nilipofika hospitalini,When I arrived at the hospital,ni-li-po-(REL_TIME)+fika+hospitali-ni,[when I] [arrive] [hospital in],relative_clause,2,,,,Forward pass linearizer benchmark,,
SW-ENG-283,SW_TO_EN,Watoto wote wazuri walikula,All good children ate,wa-toto+wa-ote+wa-zuri+wa-li-ku-la,children all good [they] [did] [eat],noun_class_concord,2,,,,Forward pass linearizer benchmark,,
SW-ENG-284,SW_TO_EN,Hamkunijibu,You (pl) did not answer me,ha-(NEG)+m-(2PL)+ku-(PAST_NEG)+ni-(OBJ:1SG)+jibu,[you all] [did not] [me] [answer],negation_infix,1,,,,Forward pass linearizer benchmark,,
SW-ENG-285,SW_TO_EN,Inakuwaje leo?,How are things today?,i-na-kuwa-je+leo,[how is it] [today],idiom_slang,1,,,,Forward pass linearizer benchmark,,
SW-ENG-286,SW_TO_EN,Hatutawafundisha,We will not teach them,ha-(NEG)+tu-(1PL)+ta-(FUT)+wa-(OBJ:3PL)+fundisha,[we] [will not] [them] [teach],future_negation,1,,,,Forward pass linearizer benchmark,,
SW-ENG-287,SW_TO_EN,Waliondoka bila kusema,They left without speaking,wa-li-ondoka+bila+ku-sema,[they] [did] [leave] without to speak,infinitive_clause,2,,,,Forward pass linearizer benchmark,,
SW-ENG-288,SW_TO_EN,Vitu vyote vimeharibika,All things are broken,vi-tu+vi-ote+vi-me-haribika,things all [they] [have] [spoil],noun_class_concord,2,,,,Forward pass linearizer benchmark,,
SW-ENG-289,SW_TO_EN,Sijui kama watakuja,I don't know if they will come,si-(1SG_NEG)+jui+kama+wa-ta-ku-ja,[I] [not know] if [they] [will] [come],complex_clause,2,,,,Forward pass linearizer benchmark,,
SW-ENG-290,SW_TO_EN,Anakwenda sokoni sasa,He/She is going to the market now,a-na-kw-enda+soko-ni+sasa,[he/she] [is] [go] [market in] now,monosyllabic_verb,1,,,,Forward pass linearizer benchmark,,
SW-ENG-291,SW_TO_EN,Hawajazipata,They have not yet received them,ha-(NEG)+wa-(3PL)+ja-(PERF_NEG)+zi-(OBJ:C10)+pata,[they] [not yet] [them] [get],pro_drop,1,,,,Forward pass linearizer benchmark,,
SW-ENG-292,SW_TO_EN,Nilipofika hospitalini,When I arrived at the hospital,ni-li-po-(REL_TIME)+fika+hospitali-ni,[when I] [arrive] [hospital in],relative_clause,2,,,,Forward pass linearizer benchmark,,
SW-ENG-293,SW_TO_EN,Watoto wote wazuri walikula,All good children ate,wa-toto+wa-ote+wa-zuri+wa-li-ku-la,children all good [they] [did] [eat],noun_class_concord,2,,,,Forward pass linearizer benchmark,,
SW-ENG-294,SW_TO_EN,Hamkunijibu,You (pl) did not answer me,ha-(NEG)+m-(2PL)+ku-(PAST_NEG)+ni-(OBJ:1SG)+jibu,[you all] [did not] [me] [answer],negation_infix,1,,,,Forward pass linearizer benchmark,,
SW-ENG-295,SW_TO_EN,Inakuwaje leo?,How are things today?,i-na-kuwa-je+leo,[how is it] [today],idiom_slang,1,,,,Forward pass linearizer benchmark,,
SW-ENG-296,SW_TO_EN,Hatutawafundisha,We will not teach them,ha-(NEG)+tu-(1PL)+ta-(FUT)+wa-(OBJ:3PL)+fundisha,[we] [will not] [them] [teach],future_negation,1,,,,Forward pass linearizer benchmark,,
SW-ENG-297,SW_TO_EN,Waliondoka bila kusema,They left without speaking,wa-li-ondoka+bila+ku-sema,[they] [did] [leave] without to speak,infinitive_clause,2,,,,Forward pass linearizer benchmark,,
SW-ENG-298,SW_TO_EN,Vitu vyote vimeharibika,All things are broken,vi-tu+vi-ote+vi-me-haribika,things all [they] [have] [spoil],noun_class_concord,2,,,,Forward pass linearizer benchmark,,
SW-ENG-299,SW_TO_EN,Sijui kama watakuja,I don't know if they will come,si-(1SG_NEG)+jui+kama+wa-ta-ku-ja,[I] [not know] if [they] [will] [come],complex_clause,2,,,,Forward pass linearizer benchmark,,
SW-ENG-300,SW_TO_EN,Anakwenda sokoni sasa,He/She is going to the market now,a-na-kw-enda+soko-ni+sasa,[he/she] [is] [go] [market in] now,monosyllabic_verb,1,,,,Forward pass linearizer benchmark,,
SW-ENG-301,SW_TO_EN,Hawajazipata,They have not yet received them,ha-(NEG)+wa-(3PL)+ja-(PERF_NEG)+zi-(OBJ:C10)+pata,[they] [not yet] [them] [get],pro_drop,1,,,,Forward pass linearizer benchmark,,
SW-ENG-302,SW_TO_EN,Nilipofika hospitalini,When I arrived at the hospital,ni-li-po-(REL_TIME)+fika+hospitali-ni,[when I] [arrive] [hospital in],relative_clause,2,,,,Forward pass linearizer benchmark,,
SW-ENG-303,SW_TO_EN,Watoto wote wazuri walikula,All good children ate,wa-toto+wa-ote+wa-zuri+wa-li-ku-la,children all good [they] [did] [eat],noun_class_concord,2,,,,Forward pass linearizer benchmark,,
SW-ENG-304,SW_TO_EN,Hamkunijibu,You (pl) did not answer me,ha-(NEG)+m-(2PL)+ku-(PAST_NEG)+ni-(OBJ:1SG)+jibu,[you all] [did not] [me] [answer],negation_infix,1,,,,Forward pass linearizer benchmark,,
SW-ENG-305,SW_TO_EN,Inakuwaje leo?,How are things today?,i-na-kuwa-je+leo,[how is it] [today],idiom_slang,1,,,,Forward pass linearizer benchmark,,
SW-ENG-306,SW_TO_EN,Hatutawafundisha,We will not teach them,ha-(NEG)+tu-(1PL)+ta-(FUT)+wa-(OBJ:3PL)+fundisha,[we] [will not] [them] [teach],future_negation,1,,,,Forward pass linearizer benchmark,,
SW-ENG-307,SW_TO_EN,Waliondoka bila kusema,They left without speaking,wa-li-ondoka+bila+ku-sema,[they] [did] [leave] without to speak,infinitive_clause,2,,,,Forward pass linearizer benchmark,,
SW-ENG-308,SW_TO_EN,Vitu vyote vimeharibika,All things are broken,vi-tu+vi-ote+vi-me-haribika,things all [they] [have] [spoil],noun_class_concord,2,,,,Forward pass linearizer benchmark,,
SW-ENG-309,SW_TO_EN,Sijui kama watakuja,I don't know if they will come,si-(1SG_NEG)+jui+kama+wa-ta-ku-ja,[I] [not know] if [they] [will] [come],complex_clause,2,,,,Forward pass linearizer benchmark,,
SW-ENG-310,SW_TO_EN,Anakwenda sokoni sasa,He/She is going to the market now,a-na-kw-enda+soko-ni+sasa,[he/she] [is] [go] [market in] now,monosyllabic_verb,1,,,,Forward pass linearizer benchmark,,
SW-ENG-311,SW_TO_EN,Hawajazipata,They have not yet received them,ha-(NEG)+wa-(3PL)+ja-(PERF_NEG)+zi-(OBJ:C10)+pata,[they] [not yet] [them] [get],pro_drop,1,,,,Forward pass linearizer benchmark,,
SW-ENG-312,SW_TO_EN,Nilipofika hospitalini,When I arrived at the hospital,ni-li-po-(REL_TIME)+fika+hospitali-ni,[when I] [arrive] [hospital in],relative_clause,2,,,,Forward pass linearizer benchmark,,
SW-ENG-313,SW_TO_EN,Watoto wote wazuri walikula,All good children ate,wa-toto+wa-ote+wa-zuri+wa-li-ku-la,children all good [they] [did] [eat],noun_class_concord,2,,,,Forward pass linearizer benchmark,,
SW-ENG-314,SW_TO_EN,Hamkunijibu,You (pl) did not answer me,ha-(NEG)+m-(2PL)+ku-(PAST_NEG)+ni-(OBJ:1SG)+jibu,[you all] [did not] [me] [answer],negation_infix,1,,,,Forward pass linearizer benchmark,,
SW-ENG-315,SW_TO_EN,Inakuwaje leo?,How are things today?,i-na-kuwa-je+leo,[how is it] [today],idiom_slang,1,,,,Forward pass linearizer benchmark,,
SW-ENG-316,SW_TO_EN,Hatutawafundisha,We will not teach them,ha-(NEG)+tu-(1PL)+ta-(FUT)+wa-(OBJ:3PL)+fundisha,[we] [will not] [them] [teach],future_negation,1,,,,Forward pass linearizer benchmark,,
SW-ENG-317,SW_TO_EN,Waliondoka bila kusema,They left without speaking,wa-li-ondoka+bila+ku-sema,[they] [did] [leave] without to speak,infinitive_clause,2,,,,Forward pass linearizer benchmark,,
SW-ENG-318,SW_TO_EN,Vitu vyote vimeharibika,All things are broken,vi-tu+vi-ote+vi-me-haribika,things all [they] [have] [spoil],noun_class_concord,2,,,,Forward pass linearizer benchmark,,
SW-ENG-319,SW_TO_EN,Sijui kama watakuja,I don't know if they will come,si-(1SG_NEG)+jui+kama+wa-ta-ku-ja,[I] [not know] if [they] [will] [come],complex_clause,2,,,,Forward pass linearizer benchmark,,
SW-ENG-320,SW_TO_EN,Anakwenda sokoni sasa,He/She is going to the market now,a-na-kw-enda+soko-ni+sasa,[he/she] [is] [go] [market in] now,monosyllabic_verb,1,,,,Forward pass linearizer benchmark,,
SW-ENG-321,SW_TO_EN,Hawajazipata,They have not yet received them,ha-(NEG)+wa-(3PL)+ja-(PERF_NEG)+zi-(OBJ:C10)+pata,[they] [not yet] [them] [get],pro_drop,1,,,,Forward pass linearizer benchmark,,
SW-ENG-322,SW_TO_EN,Nilipofika hospitalini,When I arrived at the hospital,ni-li-po-(REL_TIME)+fika+hospitali-ni,[when I] [arrive] [hospital in],relative_clause,2,,,,Forward pass linearizer benchmark,,
SW-ENG-323,SW_TO_EN,Watoto wote wazuri walikula,All good children ate,wa-toto+wa-ote+wa-zuri+wa-li-ku-la,children all good [they] [did] [eat],noun_class_concord,2,,,,Forward pass linearizer benchmark,,
SW-ENG-324,SW_TO_EN,Hamkunijibu,You (pl) did not answer me,ha-(NEG)+m-(2PL)+ku-(PAST_NEG)+ni-(OBJ:1SG)+jibu,[you all] [did not] [me] [answer],negation_infix,1,,,,Forward pass linearizer benchmark,,
SW-ENG-325,SW_TO_EN,Inakuwaje leo?,How are things today?,i-na-kuwa-je+leo,[how is it] [today],idiom_slang,1,,,,Forward pass linearizer benchmark,,
SW-ENG-326,SW_TO_EN,Hatutawafundisha,We will not teach them,ha-(NEG)+tu-(1PL)+ta-(FUT)+wa-(OBJ:3PL)+fundisha,[we] [will not] [them] [teach],future_negation,1,,,,Forward pass linearizer benchmark,,
SW-ENG-327,SW_TO_EN,Waliondoka bila kusema,They left without speaking,wa-li-ondoka+bila+ku-sema,[they] [did] [leave] without to speak,infinitive_clause,2,,,,Forward pass linearizer benchmark,,
SW-ENG-328,SW_TO_EN,Vitu vyote vimeharibika,All things are broken,vi-tu+vi-ote+vi-me-haribika,things all [they] [have] [spoil],noun_class_concord,2,,,,Forward pass linearizer benchmark,,
SW-ENG-329,SW_TO_EN,Sijui kama watakuja,I don't know if they will come,si-(1SG_NEG)+jui+kama+wa-ta-ku-ja,[I] [not know] if [they] [will] [come],complex_clause,2,,,,Forward pass linearizer benchmark,,
SW-ENG-330,SW_TO_EN,Anakwenda sokoni sasa,He/She is going to the market now,a-na-kw-enda+soko-ni+sasa,[he/she] [is] [go] [market in] now,monosyllabic_verb,1,,,,Forward pass linearizer benchmark,,
SW-ENG-331,SW_TO_EN,Hawajazipata,They have not yet received them,ha-(NEG)+wa-(3PL)+ja-(PERF_NEG)+zi-(OBJ:C10)+pata,[they] [not yet] [them] [get],pro_drop,1,,,,Forward pass linearizer benchmark,,
SW-ENG-332,SW_TO_EN,Nilipofika hospitalini,When I arrived at the hospital,ni-li-po-(REL_TIME)+fika+hospitali-ni,[when I] [arrive] [hospital in],relative_clause,2,,,,Forward pass linearizer benchmark,,
SW-ENG-333,SW_TO_EN,Watoto wote wazuri walikula,All good children ate,wa-toto+wa-ote+wa-zuri+wa-li-ku-la,children all good [they] [did] [eat],noun_class_concord,2,,,,Forward pass linearizer benchmark,,
SW-ENG-334,SW_TO_EN,Hamkunijibu,You (pl) did not answer me,ha-(NEG)+m-(2PL)+ku-(PAST_NEG)+ni-(OBJ:1SG)+jibu,[you all] [did not] [me] [answer],negation_infix,1,,,,Forward pass linearizer benchmark,,
SW-ENG-335,SW_TO_EN,Inakuwaje leo?,How are things today?,i-na-kuwa-je+leo,[how is it] [today],idiom_slang,1,,,,Forward pass linearizer benchmark,,
SW-ENG-336,SW_TO_EN,Hatutawafundisha,We will not teach them,ha-(NEG)+tu-(1PL)+ta-(FUT)+wa-(OBJ:3PL)+fundisha,[we] [will not] [them] [teach],future_negation,1,,,,Forward pass linearizer benchmark,,
SW-ENG-337,SW_TO_EN,Waliondoka bila kusema,They left without speaking,wa-li-ondoka+bila+ku-sema,[they] [did] [leave] without to speak,infinitive_clause,2,,,,Forward pass linearizer benchmark,,
SW-ENG-338,SW_TO_EN,Vitu vyote vimeharibika,All things are broken,vi-tu+vi-ote+vi-me-haribika,things all [they] [have] [spoil],noun_class_concord,2,,,,Forward pass linearizer benchmark,,
SW-ENG-339,SW_TO_EN,Sijui kama watakuja,I don't know if they will come,si-(1SG_NEG)+jui+kama+wa-ta-ku-ja,[I] [not know] if [they] [will] [come],complex_clause,2,,,,Forward pass linearizer benchmark,,
SW-ENG-340,SW_TO_EN,Anakwenda sokoni sasa,He/She is going to the market now,a-na-kw-enda+soko-ni+sasa,[he/she] [is] [go] [market in] now,monosyllabic_verb,1,,,,Forward pass linearizer benchmark,,
SW-ENG-341,SW_TO_EN,Hawajazipata,They have not yet received them,ha-(NEG)+wa-(3PL)+ja-(PERF_NEG)+zi-(OBJ:C10)+pata,[they] [not yet] [them] [get],pro_drop,1,,,,Forward pass linearizer benchmark,,
SW-ENG-342,SW_TO_EN,Nilipofika hospitalini,When I arrived at the hospital,ni-li-po-(REL_TIME)+fika+hospitali-ni,[when I] [arrive] [hospital in],relative_clause,2,,,,Forward pass linearizer benchmark,,
SW-ENG-343,SW_TO_EN,Watoto wote wazuri walikula,All good children ate,wa-toto+wa-ote+wa-zuri+wa-li-ku-la,children all good [they] [did] [eat],noun_class_concord,2,,,,Forward pass linearizer benchmark,,
SW-ENG-344,SW_TO_EN,Hamkunijibu,You (pl) did not answer me,ha-(NEG)+m-(2PL)+ku-(PAST_NEG)+ni-(OBJ:1SG)+jibu,[you all] [did not] [me] [answer],negation_infix,1,,,,Forward pass linearizer benchmark,,
SW-ENG-345,SW_TO_EN,Inakuwaje leo?,How are things today?,i-na-kuwa-je+leo,[how is it] [today],idiom_slang,1,,,,Forward pass linearizer benchmark,,
SW-ENG-346,SW_TO_EN,Hatutawafundisha,We will not teach them,ha-(NEG)+tu-(1PL)+ta-(FUT)+wa-(OBJ:3PL)+fundisha,[we] [will not] [them] [teach],future_negation,1,,,,Forward pass linearizer benchmark,,
SW-ENG-347,SW_TO_EN,Waliondoka bila kusema,They left without speaking,wa-li-ondoka+bila+ku-sema,[they] [did] [leave] without to speak,infinitive_clause,2,,,,Forward pass linearizer benchmark,,
SW-ENG-348,SW_TO_EN,Vitu vyote vimeharibika,All things are broken,vi-tu+vi-ote+vi-me-haribika,things all [they] [have] [spoil],noun_class_concord,2,,,,Forward pass linearizer benchmark,,
SW-ENG-349,SW_TO_EN,Sijui kama watakuja,I don't know if they will come,si-(1SG_NEG)+jui+kama+wa-ta-ku-ja,[I] [not know] if [they] [will] [come],complex_clause,2,,,,Forward pass linearizer benchmark,,
SW-ENG-350,SW_TO_EN,Anakwenda sokoni sasa,He/She is going to the market now,a-na-kw-enda+soko-ni+sasa,[he/she] [is] [go] [market in] now,monosyllabic_verb,1,,,,Forward pass linearizer benchmark,,
SW-ENG-351,SW_TO_EN,Hawajazipata,They have not yet received them,ha-(NEG)+wa-(3PL)+ja-(PERF_NEG)+zi-(OBJ:C10)+pata,[they] [not yet] [them] [get],pro_drop,1,,,,Forward pass linearizer benchmark,,
SW-ENG-352,SW_TO_EN,Nilipofika hospitalini,When I arrived at the hospital,ni-li-po-(REL_TIME)+fika+hospitali-ni,[when I] [arrive] [hospital in],relative_clause,2,,,,Forward pass linearizer benchmark,,
SW-ENG-353,SW_TO_EN,Watoto wote wazuri walikula,All good children ate,wa-toto+wa-ote+wa-zuri+wa-li-ku-la,children all good [they] [did] [eat],noun_class_concord,2,,,,Forward pass linearizer benchmark,,
SW-ENG-354,SW_TO_EN,Hamkunijibu,You (pl) did not answer me,ha-(NEG)+m-(2PL)+ku-(PAST_NEG)+ni-(OBJ:1SG)+jibu,[you all] [did not] [me] [answer],negation_infix,1,,,,Forward pass linearizer benchmark,,
SW-ENG-355,SW_TO_EN,Inakuwaje leo?,How are things today?,i-na-kuwa-je+leo,[how is it] [today],idiom_slang,1,,,,Forward pass linearizer benchmark,,
SW-ENG-356,SW_TO_EN,Hatutawafundisha,We will not teach them,ha-(NEG)+tu-(1PL)+ta-(FUT)+wa-(OBJ:3PL)+fundisha,[we] [will not] [them] [teach],future_negation,1,,,,Forward pass linearizer benchmark,,
SW-ENG-357,SW_TO_EN,Waliondoka bila kusema,They left without speaking,wa-li-ondoka+bila+ku-sema,[they] [did] [leave] without to speak,infinitive_clause,2,,,,Forward pass linearizer benchmark,,
SW-ENG-358,SW_TO_EN,Vitu vyote vimeharibika,All things are broken,vi-tu+vi-ote+vi-me-haribika,things all [they] [have] [spoil],noun_class_concord,2,,,,Forward pass linearizer benchmark,,
SW-ENG-359,SW_TO_EN,Sijui kama watakuja,I don't know if they will come,si-(1SG_NEG)+jui+kama+wa-ta-ku-ja,[I] [not know] if [they] [will] [come],complex_clause,2,,,,Forward pass linearizer benchmark,,
SW-ENG-360,SW_TO_EN,Anakwenda sokoni sasa,He/She is going to the market now,a-na-kw-enda+soko-ni+sasa,[he/she] [is] [go] [market in] now,monosyllabic_verb,1,,,,Forward pass linearizer benchmark,,
SW-ENG-361,SW_TO_EN,Hawajazipata,They have not yet received them,ha-(NEG)+wa-(3PL)+ja-(PERF_NEG)+zi-(OBJ:C10)+pata,[they] [not yet] [them] [get],pro_drop,1,,,,Forward pass linearizer benchmark,,
SW-ENG-362,SW_TO_EN,Nilipofika hospitalini,When I arrived at the hospital,ni-li-po-(REL_TIME)+fika+hospitali-ni,[when I] [arrive] [hospital in],relative_clause,2,,,,Forward pass linearizer benchmark,,
SW-ENG-363,SW_TO_EN,Watoto wote wazuri walikula,All good children ate,wa-toto+wa-ote+wa-zuri+wa-li-ku-la,children all good [they] [did] [eat],noun_class_concord,2,,,,Forward pass linearizer benchmark,,
SW-ENG-364,SW_TO_EN,Hamkunijibu,You (pl) did not answer me,ha-(NEG)+m-(2PL)+ku-(PAST_NEG)+ni-(OBJ:1SG)+jibu,[you all] [did not] [me] [answer],negation_infix,1,,,,Forward pass linearizer benchmark,,
SW-ENG-365,SW_TO_EN,Inakuwaje leo?,How are things today?,i-na-kuwa-je+leo,[how is it] [today],idiom_slang,1,,,,Forward pass linearizer benchmark,,
SW-ENG-366,SW_TO_EN,Hatutawafundisha,We will not teach them,ha-(NEG)+tu-(1PL)+ta-(FUT)+wa-(OBJ:3PL)+fundisha,[we] [will not] [them] [teach],future_negation,1,,,,Forward pass linearizer benchmark,,
SW-ENG-367,SW_TO_EN,Waliondoka bila kusema,They left without speaking,wa-li-ondoka+bila+ku-sema,[they] [did] [leave] without to speak,infinitive_clause,2,,,,Forward pass linearizer benchmark,,
SW-ENG-368,SW_TO_EN,Vitu vyote vimeharibika,All things are broken,vi-tu+vi-ote+vi-me-haribika,things all [they] [have] [spoil],noun_class_concord,2,,,,Forward pass linearizer benchmark,,
SW-ENG-369,SW_TO_EN,Sijui kama watakuja,I don't know if they will come,si-(1SG_NEG)+jui+kama+wa-ta-ku-ja,[I] [not know] if [they] [will] [come],complex_clause,2,,,,Forward pass linearizer benchmark,,
SW-ENG-370,SW_TO_EN,Anakwenda sokoni sasa,He/She is going to the market now,a-na-kw-enda+soko-ni+sasa,[he/she] [is] [go] [market in] now,monosyllabic_verb,1,,,,Forward pass linearizer benchmark,,
SW-ENG-371,SW_TO_EN,Hawajazipata,They have not yet received them,ha-(NEG)+wa-(3PL)+ja-(PERF_NEG)+zi-(OBJ:C10)+pata,[they] [not yet] [them] [get],pro_drop,1,,,,Forward pass linearizer benchmark,,
SW-ENG-372,SW_TO_EN,Nilipofika hospitalini,When I arrived at the hospital,ni-li-po-(REL_TIME)+fika+hospitali-ni,[when I] [arrive] [hospital in],relative_clause,2,,,,Forward pass linearizer benchmark,,
SW-ENG-373,SW_TO_EN,Watoto wote wazuri walikula,All good children ate,wa-toto+wa-ote+wa-zuri+wa-li-ku-la,children all good [they] [did] [eat],noun_class_concord,2,,,,Forward pass linearizer benchmark,,
SW-ENG-374,SW_TO_EN,Hamkunijibu,You (pl) did not answer me,ha-(NEG)+m-(2PL)+ku-(PAST_NEG)+ni-(OBJ:1SG)+jibu,[you all] [did not] [me] [answer],negation_infix,1,,,,Forward pass linearizer benchmark,,
SW-ENG-375,SW_TO_EN,Inakuwaje leo?,How are things today?,i-na-kuwa-je+leo,[how is it] [today],idiom_slang,1,,,,Forward pass linearizer benchmark,,
SW-ENG-376,SW_TO_EN,Hatutawafundisha,We will not teach them,ha-(NEG)+tu-(1PL)+ta-(FUT)+wa-(OBJ:3PL)+fundisha,[we] [will not] [them] [teach],future_negation,1,,,,Forward pass linearizer benchmark,,
SW-ENG-377,SW_TO_EN,Waliondoka bila kusema,They left without speaking,wa-li-ondoka+bila+ku-sema,[they] [did] [leave] without to speak,infinitive_clause,2,,,,Forward pass linearizer benchmark,,
SW-ENG-378,SW_TO_EN,Vitu vyote vimeharibika,All things are broken,vi-tu+vi-ote+vi-me-haribika,things all [they] [have] [spoil],noun_class_concord,2,,,,Forward pass linearizer benchmark,,
SW-ENG-379,SW_TO_EN,Sijui kama watakuja,I don't know if they will come,si-(1SG_NEG)+jui+kama+wa-ta-ku-ja,[I] [not know] if [they] [will] [come],complex_clause,2,,,,Forward pass linearizer benchmark,,
SW-ENG-380,SW_TO_EN,Anakwenda sokoni sasa,He/She is going to the market now,a-na-kw-enda+soko-ni+sasa,[he/she] [is] [go] [market in] now,monosyllabic_verb,1,,,,Forward pass linearizer benchmark,,
SW-ENG-381,SW_TO_EN,Hawajazipata,They have not yet received them,ha-(NEG)+wa-(3PL)+ja-(PERF_NEG)+zi-(OBJ:C10)+pata,[they] [not yet] [them] [get],pro_drop,1,,,,Forward pass linearizer benchmark,,
SW-ENG-382,SW_TO_EN,Nilipofika hospitalini,When I arrived at the hospital,ni-li-po-(REL_TIME)+fika+hospitali-ni,[when I] [arrive] [hospital in],relative_clause,2,,,,Forward pass linearizer benchmark,,
SW-ENG-383,SW_TO_EN,Watoto wote wazuri walikula,All good children ate,wa-toto+wa-ote+wa-zuri+wa-li-ku-la,children all good [they] [did] [eat],noun_class_concord,2,,,,Forward pass linearizer benchmark,,
SW-ENG-384,SW_TO_EN,Hamkunijibu,You (pl) did not answer me,ha-(NEG)+m-(2PL)+ku-(PAST_NEG)+ni-(OBJ:1SG)+jibu,[you all] [did not] [me] [answer],negation_infix,1,,,,Forward pass linearizer benchmark,,
SW-ENG-385,SW_TO_EN,Inakuwaje leo?,How are things today?,i-na-kuwa-je+leo,[how is it] [today],idiom_slang,1,,,,Forward pass linearizer benchmark,,
SW-ENG-386,SW_TO_EN,Hatutawafundisha,We will not teach them,ha-(NEG)+tu-(1PL)+ta-(FUT)+wa-(OBJ:3PL)+fundisha,[we] [will not] [them] [teach],future_negation,1,,,,Forward pass linearizer benchmark,,
SW-ENG-387,SW_TO_EN,Waliondoka bila kusema,They left without speaking,wa-li-ondoka+bila+ku-sema,[they] [did] [leave] without to speak,infinitive_clause,2,,,,Forward pass linearizer benchmark,,
SW-ENG-388,SW_TO_EN,Vitu vyote vimeharibika,All things are broken,vi-tu+vi-ote+vi-me-haribika,things all [they] [have] [spoil],noun_class_concord,2,,,,Forward pass linearizer benchmark,,
SW-ENG-389,SW_TO_EN,Sijui kama watakuja,I don't know if they will come,si-(1SG_NEG)+jui+kama+wa-ta-ku-ja,[I] [not know] if [they] [will] [come],complex_clause,2,,,,Forward pass linearizer benchmark,,
SW-ENG-390,SW_TO_EN,Anakwenda sokoni sasa,He/She is going to the market now,a-na-kw-enda+soko-ni+sasa,[he/she] [is] [go] [market in] now,monosyllabic_verb,1,,,,Forward pass linearizer benchmark,,
SW-ENG-391,SW_TO_EN,Hawajazipata,They have not yet received them,ha-(NEG)+wa-(3PL)+ja-(PERF_NEG)+zi-(OBJ:C10)+pata,[they] [not yet] [them] [get],pro_drop,1,,,,Forward pass linearizer benchmark,,
SW-ENG-392,SW_TO_EN,Nilipofika hospitalini,When I arrived at the hospital,ni-li-po-(REL_TIME)+fika+hospitali-ni,[when I] [arrive] [hospital in],relative_clause,2,,,,Forward pass linearizer benchmark,,
SW-ENG-393,SW_TO_EN,Watoto wote wazuri walikula,All good children ate,wa-toto+wa-ote+wa-zuri+wa-li-ku-la,children all good [they] [did] [eat],noun_class_concord,2,,,,Forward pass linearizer benchmark,,
SW-ENG-394,SW_TO_EN,Hamkunijibu,You (pl) did not answer me,ha-(NEG)+m-(2PL)+ku-(PAST_NEG)+ni-(OBJ:1SG)+jibu,[you all] [did not] [me] [answer],negation_infix,1,,,,Forward pass linearizer benchmark,,
SW-ENG-395,SW_TO_EN,Inakuwaje leo?,How are things today?,i-na-kuwa-je+leo,[how is it] [today],idiom_slang,1,,,,Forward pass linearizer benchmark,,
SW-ENG-396,SW_TO_EN,Hatutawafundisha,We will not teach them,ha-(NEG)+tu-(1PL)+ta-(FUT)+wa-(OBJ:3PL)+fundisha,[we] [will not] [them] [teach],future_negation,1,,,,Forward pass linearizer benchmark,,
SW-ENG-397,SW_TO_EN,Waliondoka bila kusema,They left without speaking,wa-li-ondoka+bila+ku-sema,[they] [did] [leave] without to speak,infinitive_clause,2,,,,Forward pass linearizer benchmark,,
SW-ENG-398,SW_TO_EN,Vitu vyote vimeharibika,All things are broken,vi-tu+vi-ote+vi-me-haribika,things all [they] [have] [spoil],noun_class_concord,2,,,,Forward pass linearizer benchmark,,
SW-ENG-399,SW_TO_EN,Sijui kama watakuja,I don't know if they will come,si-(1SG_NEG)+jui+kama+wa-ta-ku-ja,[I] [not know] if [they] [will] [come],complex_clause,2,,,,Forward pass linearizer benchmark,,
SW-ENG-400,SW_TO_EN,Anakwenda sokoni sasa,He/She is going to the market now,a-na-kw-enda+soko-ni+sasa,[he/she] [is] [go] [market in] now,monosyllabic_verb,1,,,,Forward pass linearizer benchmark,,
SW-ENG-401,SW_TO_EN,Hawajazipata,They have not yet received them,ha-(NEG)+wa-(3PL)+ja-(PERF_NEG)+zi-(OBJ:C10)+pata,[they] [not yet] [them] [get],pro_drop,1,,,,Forward pass linearizer benchmark,,
SW-ENG-402,SW_TO_EN,Nilipofika hospitalini,When I arrived at the hospital,ni-li-po-(REL_TIME)+fika+hospitali-ni,[when I] [arrive] [hospital in],relative_clause,2,,,,Forward pass linearizer benchmark,,
SW-ENG-403,SW_TO_EN,Watoto wote wazuri walikula,All good children ate,wa-toto+wa-ote+wa-zuri+wa-li-ku-la,children all good [they] [did] [eat],noun_class_concord,2,,,,Forward pass linearizer benchmark,,
SW-ENG-404,SW_TO_EN,Hamkunijibu,You (pl) did not answer me,ha-(NEG)+m-(2PL)+ku-(PAST_NEG)+ni-(OBJ:1SG)+jibu,[you all] [did not] [me] [answer],negation_infix,1,,,,Forward pass linearizer benchmark,,
SW-ENG-405,SW_TO_EN,Inakuwaje leo?,How are things today?,i-na-kuwa-je+leo,[how is it] [today],idiom_slang,1,,,,Forward pass linearizer benchmark,,
SW-ENG-406,SW_TO_EN,Hatutawafundisha,We will not teach them,ha-(NEG)+tu-(1PL)+ta-(FUT)+wa-(OBJ:3PL)+fundisha,[we] [will not] [them] [teach],future_negation,1,,,,Forward pass linearizer benchmark,,
SW-ENG-407,SW_TO_EN,Waliondoka bila kusema,They left without speaking,wa-li-ondoka+bila+ku-sema,[they] [did] [leave] without to speak,infinitive_clause,2,,,,Forward pass linearizer benchmark,,
SW-ENG-408,SW_TO_EN,Vitu vyote vimeharibika,All things are broken,vi-tu+vi-ote+vi-me-haribika,things all [they] [have] [spoil],noun_class_concord,2,,,,Forward pass linearizer benchmark,,
SW-ENG-409,SW_TO_EN,Sijui kama watakuja,I don't know if they will come,si-(1SG_NEG)+jui+kama+wa-ta-ku-ja,[I] [not know] if [they] [will] [come],complex_clause,2,,,,Forward pass linearizer benchmark,,
SW-ENG-410,SW_TO_EN,Anakwenda sokoni sasa,He/She is going to the market now,a-na-kw-enda+soko-ni+sasa,[he/she] [is] [go] [market in] now,monosyllabic_verb,1,,,,Forward pass linearizer benchmark,,
SW-ENG-411,SW_TO_EN,Hawajazipata,They have not yet received them,ha-(NEG)+wa-(3PL)+ja-(PERF_NEG)+zi-(OBJ:C10)+pata,[they] [not yet] [them] [get],pro_drop,1,,,,Forward pass linearizer benchmark,,
SW-ENG-412,SW_TO_EN,Nilipofika hospitalini,When I arrived at the hospital,ni-li-po-(REL_TIME)+fika+hospitali-ni,[when I] [arrive] [hospital in],relative_clause,2,,,,Forward pass linearizer benchmark,,
SW-ENG-413,SW_TO_EN,Watoto wote wazuri walikula,All good children ate,wa-toto+wa-ote+wa-zuri+wa-li-ku-la,children all good [they] [did] [eat],noun_class_concord,2,,,,Forward pass linearizer benchmark,,
SW-ENG-414,SW_TO_EN,Hamkunijibu,You (pl) did not answer me,ha-(NEG)+m-(2PL)+ku-(PAST_NEG)+ni-(OBJ:1SG)+jibu,[you all] [did not] [me] [answer],negation_infix,1,,,,Forward pass linearizer benchmark,,
SW-ENG-415,SW_TO_EN,Inakuwaje leo?,How are things today?,i-na-kuwa-je+leo,[how is it] [today],idiom_slang,1,,,,Forward pass linearizer benchmark,,
SW-ENG-416,SW_TO_EN,Hatutawafundisha,We will not teach them,ha-(NEG)+tu-(1PL)+ta-(FUT)+wa-(OBJ:3PL)+fundisha,[we] [will not] [them] [teach],future_negation,1,,,,Forward pass linearizer benchmark,,
SW-ENG-417,SW_TO_EN,Waliondoka bila kusema,They left without speaking,wa-li-ondoka+bila+ku-sema,[they] [did] [leave] without to speak,infinitive_clause,2,,,,Forward pass linearizer benchmark,,
SW-ENG-418,SW_TO_EN,Vitu vyote vimeharibika,All things are broken,vi-tu+vi-ote+vi-me-haribika,things all [they] [have] [spoil],noun_class_concord,2,,,,Forward pass linearizer benchmark,,
SW-ENG-419,SW_TO_EN,Sijui kama watakuja,I don't know if they will come,si-(1SG_NEG)+jui+kama+wa-ta-ku-ja,[I] [not know] if [they] [will] [come],complex_clause,2,,,,Forward pass linearizer benchmark,,
SW-ENG-420,SW_TO_EN,Anakwenda sokoni sasa,He/She is going to the market now,a-na-kw-enda+soko-ni+sasa,[he/she] [is] [go] [market in] now,monosyllabic_verb,1,,,,Forward pass linearizer benchmark,,
SW-ENG-421,SW_TO_EN,Hawajazipata,They have not yet received them,ha-(NEG)+wa-(3PL)+ja-(PERF_NEG)+zi-(OBJ:C10)+pata,[they] [not yet] [them] [get],pro_drop,1,,,,Forward pass linearizer benchmark,,
SW-ENG-422,SW_TO_EN,Nilipofika hospitalini,When I arrived at the hospital,ni-li-po-(REL_TIME)+fika+hospitali-ni,[when I] [arrive] [hospital in],relative_clause,2,,,,Forward pass linearizer benchmark,,
SW-ENG-423,SW_TO_EN,Watoto wote wazuri walikula,All good children ate,wa-toto+wa-ote+wa-zuri+wa-li-ku-la,children all good [they] [did] [eat],noun_class_concord,2,,,,Forward pass linearizer benchmark,,
SW-ENG-424,SW_TO_EN,Hamkunijibu,You (pl) did not answer me,ha-(NEG)+m-(2PL)+ku-(PAST_NEG)+ni-(OBJ:1SG)+jibu,[you all] [did not] [me] [answer],negation_infix,1,,,,Forward pass linearizer benchmark,,
SW-ENG-425,SW_TO_EN,Inakuwaje leo?,How are things today?,i-na-kuwa-je+leo,[how is it] [today],idiom_slang,1,,,,Forward pass linearizer benchmark,,
SW-ENG-426,SW_TO_EN,Hatutawafundisha,We will not teach them,ha-(NEG)+tu-(1PL)+ta-(FUT)+wa-(OBJ:3PL)+fundisha,[we] [will not] [them] [teach],future_negation,1,,,,Forward pass linearizer benchmark,,
SW-ENG-427,SW_TO_EN,Waliondoka bila kusema,They left without speaking,wa-li-ondoka+bila+ku-sema,[they] [did] [leave] without to speak,infinitive_clause,2,,,,Forward pass linearizer benchmark,,
SW-ENG-428,SW_TO_EN,Vitu vyote vimeharibika,All things are broken,vi-tu+vi-ote+vi-me-haribika,things all [they] [have] [spoil],noun_class_concord,2,,,,Forward pass linearizer benchmark,,
SW-ENG-429,SW_TO_EN,Sijui kama watakuja,I don't know if they will come,si-(1SG_NEG)+jui+kama+wa-ta-ku-ja,[I] [not know] if [they] [will] [come],complex_clause,2,,,,Forward pass linearizer benchmark,,
SW-ENG-430,SW_TO_EN,Anakwenda sokoni sasa,He/She is going to the market now,a-na-kw-enda+soko-ni+sasa,[he/she] [is] [go] [market in] now,monosyllabic_verb,1,,,,Forward pass linearizer benchmark,,
SW-ENG-431,SW_TO_EN,Hawajazipata,They have not yet received them,ha-(NEG)+wa-(3PL)+ja-(PERF_NEG)+zi-(OBJ:C10)+pata,[they] [not yet] [them] [get],pro_drop,1,,,,Forward pass linearizer benchmark,,
SW-ENG-432,SW_TO_EN,Nilipofika hospitalini,When I arrived at the hospital,ni-li-po-(REL_TIME)+fika+hospitali-ni,[when I] [arrive] [hospital in],relative_clause,2,,,,Forward pass linearizer benchmark,,
SW-ENG-433,SW_TO_EN,Watoto wote wazuri walikula,All good children ate,wa-toto+wa-ote+wa-zuri+wa-li-ku-la,children all good [they] [did] [eat],noun_class_concord,2,,,,Forward pass linearizer benchmark,,
SW-ENG-434,SW_TO_EN,Hamkunijibu,You (pl) did not answer me,ha-(NEG)+m-(2PL)+ku-(PAST_NEG)+ni-(OBJ:1SG)+jibu,[you all] [did not] [me] [answer],negation_infix,1,,,,Forward pass linearizer benchmark,,
SW-ENG-435,SW_TO_EN,Inakuwaje leo?,How are things today?,i-na-kuwa-je+leo,[how is it] [today],idiom_slang,1,,,,Forward pass linearizer benchmark,,
SW-ENG-436,SW_TO_EN,Hatutawafundisha,We will not teach them,ha-(NEG)+tu-(1PL)+ta-(FUT)+wa-(OBJ:3PL)+fundisha,[we] [will not] [them] [teach],future_negation,1,,,,Forward pass linearizer benchmark,,
SW-ENG-437,SW_TO_EN,Waliondoka bila kusema,They left without speaking,wa-li-ondoka+bila+ku-sema,[they] [did] [leave] without to speak,infinitive_clause,2,,,,Forward pass linearizer benchmark,,
SW-ENG-438,SW_TO_EN,Vitu vyote vimeharibika,All things are broken,vi-tu+vi-ote+vi-me-haribika,things all [they] [have] [spoil],noun_class_concord,2,,,,Forward pass linearizer benchmark,,
SW-ENG-439,SW_TO_EN,Sijui kama watakuja,I don't know if they will come,si-(1SG_NEG)+jui+kama+wa-ta-ku-ja,[I] [not know] if [they] [will] [come],complex_clause,2,,,,Forward pass linearizer benchmark,,
SW-ENG-440,SW_TO_EN,Anakwenda sokoni sasa,He/She is going to the market now,a-na-kw-enda+soko-ni+sasa,[he/she] [is] [go] [market in] now,monosyllabic_verb,1,,,,Forward pass linearizer benchmark,,
SW-ENG-441,SW_TO_EN,Hawajazipata,They have not yet received them,ha-(NEG)+wa-(3PL)+ja-(PERF_NEG)+zi-(OBJ:C10)+pata,[they] [not yet] [them] [get],pro_drop,1,,,,Forward pass linearizer benchmark,,
SW-ENG-442,SW_TO_EN,Nilipofika hospitalini,When I arrived at the hospital,ni-li-po-(REL_TIME)+fika+hospitali-ni,[when I] [arrive] [hospital in],relative_clause,2,,,,Forward pass linearizer benchmark,,
SW-ENG-443,SW_TO_EN,Watoto wote wazuri walikula,All good children ate,wa-toto+wa-ote+wa-zuri+wa-li-ku-la,children all good [they] [did] [eat],noun_class_concord,2,,,,Forward pass linearizer benchmark,,
SW-ENG-444,SW_TO_EN,Hamkunijibu,You (pl) did not answer me,ha-(NEG)+m-(2PL)+ku-(PAST_NEG)+ni-(OBJ:1SG)+jibu,[you all] [did not] [me] [answer],negation_infix,1,,,,Forward pass linearizer benchmark,,
SW-ENG-445,SW_TO_EN,Inakuwaje leo?,How are things today?,i-na-kuwa-je+leo,[how is it] [today],idiom_slang,1,,,,Forward pass linearizer benchmark,,
SW-ENG-446,SW_TO_EN,Hatutawafundisha,We will not teach them,ha-(NEG)+tu-(1PL)+ta-(FUT)+wa-(OBJ:3PL)+fundisha,[we] [will not] [them] [teach],future_negation,1,,,,Forward pass linearizer benchmark,,
SW-ENG-447,SW_TO_EN,Waliondoka bila kusema,They left without speaking,wa-li-ondoka+bila+ku-sema,[they] [did] [leave] without to speak,infinitive_clause,2,,,,Forward pass linearizer benchmark,,
SW-ENG-448,SW_TO_EN,Vitu vyote vimeharibika,All things are broken,vi-tu+vi-ote+vi-me-haribika,things all [they] [have] [spoil],noun_class_concord,2,,,,Forward pass linearizer benchmark,,
SW-ENG-449,SW_TO_EN,Sijui kama watakuja,I don't know if they will come,si-(1SG_NEG)+jui+kama+wa-ta-ku-ja,[I] [not know] if [they] [will] [come],complex_clause,2,,,,Forward pass linearizer benchmark,,
SW-ENG-450,SW_TO_EN,Anakwenda sokoni sasa,He/She is going to the market now,a-na-kw-enda+soko-ni+sasa,[he/she] [is] [go] [market in] now,monosyllabic_verb,1,,,,Forward pass linearizer benchmark,,
SW-ENG-451,SW_TO_EN,Hawajazipata,They have not yet received them,ha-(NEG)+wa-(3PL)+ja-(PERF_NEG)+zi-(OBJ:C10)+pata,[they] [not yet] [them] [get],pro_drop,1,,,,Forward pass linearizer benchmark,,
SW-ENG-452,SW_TO_EN,Nilipofika hospitalini,When I arrived at the hospital,ni-li-po-(REL_TIME)+fika+hospitali-ni,[when I] [arrive] [hospital in],relative_clause,2,,,,Forward pass linearizer benchmark,,
SW-ENG-453,SW_TO_EN,Watoto wote wazuri walikula,All good children ate,wa-toto+wa-ote+wa-zuri+wa-li-ku-la,children all good [they] [did] [eat],noun_class_concord,2,,,,Forward pass linearizer benchmark,,
SW-ENG-454,SW_TO_EN,Hamkunijibu,You (pl) did not answer me,ha-(NEG)+m-(2PL)+ku-(PAST_NEG)+ni-(OBJ:1SG)+jibu,[you all] [did not] [me] [answer],negation_infix,1,,,,Forward pass linearizer benchmark,,
SW-ENG-455,SW_TO_EN,Inakuwaje leo?,How are things today?,i-na-kuwa-je+leo,[how is it] [today],idiom_slang,1,,,,Forward pass linearizer benchmark,,
SW-ENG-456,SW_TO_EN,Hatutawafundisha,We will not teach them,ha-(NEG)+tu-(1PL)+ta-(FUT)+wa-(OBJ:3PL)+fundisha,[we] [will not] [them] [teach],future_negation,1,,,,Forward pass linearizer benchmark,,
SW-ENG-457,SW_TO_EN,Waliondoka bila kusema,They left without speaking,wa-li-ondoka+bila+ku-sema,[they] [did] [leave] without to speak,infinitive_clause,2,,,,Forward pass linearizer benchmark,,
SW-ENG-458,SW_TO_EN,Vitu vyote vimeharibika,All things are broken,vi-tu+vi-ote+vi-me-haribika,things all [they] [have] [spoil],noun_class_concord,2,,,,Forward pass linearizer benchmark,,
SW-ENG-459,SW_TO_EN,Sijui kama watakuja,I don't know if they will come,si-(1SG_NEG)+jui+kama+wa-ta-ku-ja,[I] [not know] if [they] [will] [come],complex_clause,2,,,,Forward pass linearizer benchmark,,
SW-ENG-460,SW_TO_EN,Anakwenda sokoni sasa,He/She is going to the market now,a-na-kw-enda+soko-ni+sasa,[he/she] [is] [go] [market in] now,monosyllabic_verb,1,,,,Forward pass linearizer benchmark,,
SW-ENG-461,SW_TO_EN,Hawajazipata,They have not yet received them,ha-(NEG)+wa-(3PL)+ja-(PERF_NEG)+zi-(OBJ:C10)+pata,[they] [not yet] [them] [get],pro_drop,1,,,,Forward pass linearizer benchmark,,
SW-ENG-462,SW_TO_EN,Nilipofika hospitalini,When I arrived at the hospital,ni-li-po-(REL_TIME)+fika+hospitali-ni,[when I] [arrive] [hospital in],relative_clause,2,,,,Forward pass linearizer benchmark,,
SW-ENG-463,SW_TO_EN,Watoto wote wazuri walikula,All good children ate,wa-toto+wa-ote+wa-zuri+wa-li-ku-la,children all good [they] [did] [eat],noun_class_concord,2,,,,Forward pass linearizer benchmark,,
SW-ENG-464,SW_TO_EN,Hamkunijibu,You (pl) did not answer me,ha-(NEG)+m-(2PL)+ku-(PAST_NEG)+ni-(OBJ:1SG)+jibu,[you all] [did not] [me] [answer],negation_infix,1,,,,Forward pass linearizer benchmark,,
SW-ENG-465,SW_TO_EN,Inakuwaje leo?,How are things today?,i-na-kuwa-je+leo,[how is it] [today],idiom_slang,1,,,,Forward pass linearizer benchmark,,
SW-ENG-466,SW_TO_EN,Hatutawafundisha,We will not teach them,ha-(NEG)+tu-(1PL)+ta-(FUT)+wa-(OBJ:3PL)+fundisha,[we] [will not] [them] [teach],future_negation,1,,,,Forward pass linearizer benchmark,,
SW-ENG-467,SW_TO_EN,Waliondoka bila kusema,They left without speaking,wa-li-ondoka+bila+ku-sema,[they] [did] [leave] without to speak,infinitive_clause,2,,,,Forward pass linearizer benchmark,,
SW-ENG-468,SW_TO_EN,Vitu vyote vimeharibika,All things are broken,vi-tu+vi-ote+vi-me-haribika,things all [they] [have] [spoil],noun_class_concord,2,,,,Forward pass linearizer benchmark,,
SW-ENG-469,SW_TO_EN,Sijui kama watakuja,I don't know if they will come,si-(1SG_NEG)+jui+kama+wa-ta-ku-ja,[I] [not know] if [they] [will] [come],complex_clause,2,,,,Forward pass linearizer benchmark,,
SW-ENG-470,SW_TO_EN,Anakwenda sokoni sasa,He/She is going to the market now,a-na-kw-enda+soko-ni+sasa,[he/she] [is] [go] [market in] now,monosyllabic_verb,1,,,,Forward pass linearizer benchmark,,
SW-ENG-471,SW_TO_EN,Hawajazipata,They have not yet received them,ha-(NEG)+wa-(3PL)+ja-(PERF_NEG)+zi-(OBJ:C10)+pata,[they] [not yet] [them] [get],pro_drop,1,,,,Forward pass linearizer benchmark,,
SW-ENG-472,SW_TO_EN,Nilipofika hospitalini,When I arrived at the hospital,ni-li-po-(REL_TIME)+fika+hospitali-ni,[when I] [arrive] [hospital in],relative_clause,2,,,,Forward pass linearizer benchmark,,
SW-ENG-473,SW_TO_EN,Watoto wote wazuri walikula,All good children ate,wa-toto+wa-ote+wa-zuri+wa-li-ku-la,children all good [they] [did] [eat],noun_class_concord,2,,,,Forward pass linearizer benchmark,,
SW-ENG-474,SW_TO_EN,Hamkunijibu,You (pl) did not answer me,ha-(NEG)+m-(2PL)+ku-(PAST_NEG)+ni-(OBJ:1SG)+jibu,[you all] [did not] [me] [answer],negation_infix,1,,,,Forward pass linearizer benchmark,,
SW-ENG-475,SW_TO_EN,Inakuwaje leo?,How are things today?,i-na-kuwa-je+leo,[how is it] [today],idiom_slang,1,,,,Forward pass linearizer benchmark,,
SW-ENG-476,SW_TO_EN,Hatutawafundisha,We will not teach them,ha-(NEG)+tu-(1PL)+ta-(FUT)+wa-(OBJ:3PL)+fundisha,[we] [will not] [them] [teach],future_negation,1,,,,Forward pass linearizer benchmark,,
SW-ENG-477,SW_TO_EN,Waliondoka bila kusema,They left without speaking,wa-li-ondoka+bila+ku-sema,[they] [did] [leave] without to speak,infinitive_clause,2,,,,Forward pass linearizer benchmark,,
SW-ENG-478,SW_TO_EN,Vitu vyote vimeharibika,All things are broken,vi-tu+vi-ote+vi-me-haribika,things all [they] [have] [spoil],noun_class_concord,2,,,,Forward pass linearizer benchmark,,
SW-ENG-479,SW_TO_EN,Sijui kama watakuja,I don't know if they will come,si-(1SG_NEG)+jui+kama+wa-ta-ku-ja,[I] [not know] if [they] [will] [come],complex_clause,2,,,,Forward pass linearizer benchmark,,
SW-ENG-480,SW_TO_EN,Anakwenda sokoni sasa,He/She is going to the market now,a-na-kw-enda+soko-ni+sasa,[he/she] [is] [go] [market in] now,monosyllabic_verb,1,,,,Forward pass linearizer benchmark,,
SW-ENG-481,SW_TO_EN,Hawajazipata,They have not yet received them,ha-(NEG)+wa-(3PL)+ja-(PERF_NEG)+zi-(OBJ:C10)+pata,[they] [not yet] [them] [get],pro_drop,1,,,,Forward pass linearizer benchmark,,
SW-ENG-482,SW_TO_EN,Nilipofika hospitalini,When I arrived at the hospital,ni-li-po-(REL_TIME)+fika+hospitali-ni,[when I] [arrive] [hospital in],relative_clause,2,,,,Forward pass linearizer benchmark,,
SW-ENG-483,SW_TO_EN,Watoto wote wazuri walikula,All good children ate,wa-toto+wa-ote+wa-zuri+wa-li-ku-la,children all good [they] [did] [eat],noun_class_concord,2,,,,Forward pass linearizer benchmark,,
SW-ENG-484,SW_TO_EN,Hamkunijibu,You (pl) did not answer me,ha-(NEG)+m-(2PL)+ku-(PAST_NEG)+ni-(OBJ:1SG)+jibu,[you all] [did not] [me] [answer],negation_infix,1,,,,Forward pass linearizer benchmark,,
SW-ENG-485,SW_TO_EN,Inakuwaje leo?,How are things today?,i-na-kuwa-je+leo,[how is it] [today],idiom_slang,1,,,,Forward pass linearizer benchmark,,
SW-ENG-486,SW_TO_EN,Hatutawafundisha,We will not teach them,ha-(NEG)+tu-(1PL)+ta-(FUT)+wa-(OBJ:3PL)+fundisha,[we] [will not] [them] [teach],future_negation,1,,,,Forward pass linearizer benchmark,,
SW-ENG-487,SW_TO_EN,Waliondoka bila kusema,They left without speaking,wa-li-ondoka+bila+ku-sema,[they] [did] [leave] without to speak,infinitive_clause,2,,,,Forward pass linearizer benchmark,,
SW-ENG-488,SW_TO_EN,Vitu vyote vimeharibika,All things are broken,vi-tu+vi-ote+vi-me-haribika,things all [they] [have] [spoil],noun_class_concord,2,,,,Forward pass linearizer benchmark,,
SW-ENG-489,SW_TO_EN,Sijui kama watakuja,I don't know if they will come,si-(1SG_NEG)+jui+kama+wa-ta-ku-ja,[I] [not know] if [they] [will] [come],complex_clause,2,,,,Forward pass linearizer benchmark,,
SW-ENG-490,SW_TO_EN,Anakwenda sokoni sasa,He/She is going to the market now,a-na-kw-enda+soko-ni+sasa,[he/she] [is] [go] [market in] now,monosyllabic_verb,1,,,,Forward pass linearizer benchmark,,
SW-ENG-491,SW_TO_EN,Hawajazipata,They have not yet received them,ha-(NEG)+wa-(3PL)+ja-(PERF_NEG)+zi-(OBJ:C10)+pata,[they] [not yet] [them] [get],pro_drop,1,,,,Forward pass linearizer benchmark,,
SW-ENG-492,SW_TO_EN,Nilipofika hospitalini,When I arrived at the hospital,ni-li-po-(REL_TIME)+fika+hospitali-ni,[when I] [arrive] [hospital in],relative_clause,2,,,,Forward pass linearizer benchmark,,
SW-ENG-493,SW_TO_EN,Watoto wote wazuri walikula,All good children ate,wa-toto+wa-ote+wa-zuri+wa-li-ku-la,children all good [they] [did] [eat],noun_class_concord,2,,,,Forward pass linearizer benchmark,,
SW-ENG-494,SW_TO_EN,Hamkunijibu,You (pl) did not answer me,ha-(NEG)+m-(2PL)+ku-(PAST_NEG)+ni-(OBJ:1SG)+jibu,[you all] [did not] [me] [answer],negation_infix,1,,,,Forward pass linearizer benchmark,,
SW-ENG-495,SW_TO_EN,Inakuwaje leo?,How are things today?,i-na-kuwa-je+leo,[how is it] [today],idiom_slang,1,,,,Forward pass linearizer benchmark,,
SW-ENG-496,SW_TO_EN,Hatutawafundisha,We will not teach them,ha-(NEG)+tu-(1PL)+ta-(FUT)+wa-(OBJ:3PL)+fundisha,[we] [will not] [them] [teach],future_negation,1,,,,Forward pass linearizer benchmark,,
SW-ENG-497,SW_TO_EN,Waliondoka bila kusema,They left without speaking,wa-li-ondoka+bila+ku-sema,[they] [did] [leave] without to speak,infinitive_clause,2,,,,Forward pass linearizer benchmark,,
SW-ENG-498,SW_TO_EN,Vitu vyote vimeharibika,All things are broken,vi-tu+vi-ote+vi-me-haribika,things all [they] [have] [spoil],noun_class_concord,2,,,,Forward pass linearizer benchmark,,
SW-ENG-499,SW_TO_EN,Sijui kama watakuja,I don't know if they will come,si-(1SG_NEG)+jui+kama+wa-ta-ku-ja,[I] [not know] if [they] [will] [come],complex_clause,2,,,,Forward pass linearizer benchmark,,
SW-ENG-500,SW_TO_EN,Anakwenda sokoni sasa,He/She is going to the market now,a-na-kw-enda+soko-ni+sasa,[he/she] [is] [go] [market in] now,monosyllabic_verb,1,,,,Forward pass linearizer benchmark,,
ENG-SW-001,EN_TO_SW,"No, I did not.","Hapana, sikufanya.",hapana+si-(1SG_NEG)+ku-(PAST_NEG)+fanya,No [I] [did not] [do],rolodex_synthesis,1,,,,Back pass rolodex benchmark,"{""subject"":""1SG"",""tense"":""PAST"",""negation"":true,""root"":""fanya"",""mood"":""a""}",sikufanya
ENG-SW-002,EN_TO_SW,They will not answer you.,Hawatakujibu.,ha-(NEG)+wa-(3PL)+ta-(FUT)+ku-(OBJ:2SG)+jibu,[they] [will not] [you] [answer],rolodex_synthesis,1,,,,Back pass rolodex benchmark,"{""subject"":""3PL"",""tense"":""FUT"",""negation"":true,""object"":""2SG"",""root"":""jibu"",""mood"":""a""}",hawatakujibu
ENG-SW-003,EN_TO_SW,Have you eaten?,Umekula?,u-(2SG)+me-(PERF)+ku-(INF)+la,[you] [have] [eat]?,monosyllabic_verb,1,,,,Back pass rolodex benchmark,"{""subject"":""2SG"",""tense"":""PERF"",""negation"":false,""root"":""la"",""mood"":""a""}",umekula
ENG-SW-004,EN_TO_SW,The patient left early.,Mgonjwa alitoka mapema.,m-gonjwa+a-li-toka+mapema,patient [he/she] [did] [leave] early,subject_agreement,2,,,,Back pass rolodex benchmark,"{""subject"":""3SG"",""tense"":""PAST"",""negation"":false,""root"":""toka"",""mood"":""a""}",alitoka
ENG-SW-005,EN_TO_SW,I am coming back tomorrow.,Nitarejea kesho.,ni-ta-rejea+kesho,[I] [will] [return] tomorrow,future_tense,1,,,,Back pass rolodex benchmark,"{""subject"":""1SG"",""tense"":""FUT"",""negation"":false,""root"":""rejea"",""mood"":""a""}",nitarejea
ENG-SW-006,EN_TO_SW,We cannot do this.,Hatuwezi kufanya hivi.,ha-(NEG)+tu-(1PL)+wezi+ku-fanya+hi-vi,[we] [cannot] to do this,modal_negation,2,,,,Back pass rolodex benchmark,"{""subject"":""1PL"",""tense"":""PRES"",""negation"":true,""root"":""weza"",""mood"":""a""}",hatuwezi
ENG-SW-007,EN_TO_SW,Did they find the keys?,Walipata funguo?,wa-li-pata+funguo,[they] [did] [get] keys,interrogative_past,1,,,,Back pass rolodex benchmark,"{""subject"":""3PL"",""tense"":""PAST"",""negation"":false,""root"":""pata"",""mood"":""a""}",walipata
ENG-SW-008,EN_TO_SW,I haven't seen him yet.,Sijamwona bado.,si-(1SG_NEG)+ja-(PERF_NEG)+m-(OBJ:C1)+ona+bado,[I] [not yet] [him] [see] yet,aspect_negation,2,,,,Back pass rolodex benchmark,"{""subject"":""1SG"",""tense"":""PERF"",""negation"":true,""object"":""m"",""root"":""ona"",""mood"":""a""}",sijamwona
ENG-SW-009,EN_TO_SW,Where did you put it?,Ulikieweka wapi?,u-li-ki-(OBJ:C7)+eweka+wapi,[you] [did] [it] [put] where,object_infix_placement,2,,,,Back pass rolodex benchmark,"{""subject"":""2SG"",""tense"":""PAST"",""negation"":false,""object"":""3SG_KI"",""root"":""weka"",""mood"":""a""}",ulikiweka
ENG-SW-010,EN_TO_SW,"Don't worry, brother.","Usijali, ndugu.",u-si-(SUBJ_NEG)+jali+ndugu,[you] [do not] [worry] brother,imperative_negation,1,,,,Back pass rolodex benchmark,"{""subject"":""2SG"",""tense"":""SUBJ"",""negation"":true,""root"":""jali"",""mood"":""e""}",usijali
ENG-SW-011,EN_TO_SW,"No, I did not.","Hapana, sikufanya.",hapana+si-(1SG_NEG)+ku-(PAST_NEG)+fanya,No [I] [did not] [do],rolodex_synthesis,1,,,,Back pass rolodex benchmark,"{""subject"":""1SG"",""tense"":""PAST"",""negation"":true,""root"":""fanya"",""mood"":""a""}",sikufanya
ENG-SW-012,EN_TO_SW,They will not answer you.,Hawatakujibu.,ha-(NEG)+wa-(3PL)+ta-(FUT)+ku-(OBJ:2SG)+jibu,[they] [will not] [you] [answer],rolodex_synthesis,1,,,,Back pass rolodex benchmark,"{""subject"":""3PL"",""tense"":""FUT"",""negation"":true,""object"":""2SG"",""root"":""jibu"",""mood"":""a""}",hawatakujibu
ENG-SW-013,EN_TO_SW,Have you eaten?,Umekula?,u-(2SG)+me-(PERF)+ku-(INF)+la,[you] [have] [eat]?,monosyllabic_verb,1,,,,Back pass rolodex benchmark,"{""subject"":""2SG"",""tense"":""PERF"",""negation"":false,""root"":""la"",""mood"":""a""}",umekula
ENG-SW-014,EN_TO_SW,The patient left early.,Mgonjwa alitoka mapema.,m-gonjwa+a-li-toka+mapema,patient [he/she] [did] [leave] early,subject_agreement,2,,,,Back pass rolodex benchmark,"{""subject"":""3SG"",""tense"":""PAST"",""negation"":false,""root"":""toka"",""mood"":""a""}",alitoka
ENG-SW-015,EN_TO_SW,I am coming back tomorrow.,Nitarejea kesho.,ni-ta-rejea+kesho,[I] [will] [return] tomorrow,future_tense,1,,,,Back pass rolodex benchmark,"{""subject"":""1SG"",""tense"":""FUT"",""negation"":false,""root"":""rejea"",""mood"":""a""}",nitarejea
ENG-SW-016,EN_TO_SW,We cannot do this.,Hatuwezi kufanya hivi.,ha-(NEG)+tu-(1PL)+wezi+ku-fanya+hi-vi,[we] [cannot] to do this,modal_negation,2,,,,Back pass rolodex benchmark,"{""subject"":""1PL"",""tense"":""PRES"",""negation"":true,""root"":""weza"",""mood"":""a""}",hatuwezi
ENG-SW-017,EN_TO_SW,Did they find the keys?,Walipata funguo?,wa-li-pata+funguo,[they] [did] [get] keys,interrogative_past,1,,,,Back pass rolodex benchmark,"{""subject"":""3PL"",""tense"":""PAST"",""negation"":false,""root"":""pata"",""mood"":""a""}",walipata
ENG-SW-018,EN_TO_SW,I haven't seen him yet.,Sijamwona bado.,si-(1SG_NEG)+ja-(PERF_NEG)+m-(OBJ:C1)+ona+bado,[I] [not yet] [him] [see] yet,aspect_negation,2,,,,Back pass rolodex benchmark,"{""subject"":""1SG"",""tense"":""PERF"",""negation"":true,""object"":""m"",""root"":""ona"",""mood"":""a""}",sijamwona
ENG-SW-019,EN_TO_SW,Where did you put it?,Ulikieweka wapi?,u-li-ki-(OBJ:C7)+eweka+wapi,[you] [did] [it] [put] where,object_infix_placement,2,,,,Back pass rolodex benchmark,"{""subject"":""2SG"",""tense"":""PAST"",""negation"":false,""object"":""3SG_KI"",""root"":""weka"",""mood"":""a""}",ulikiweka
ENG-SW-020,EN_TO_SW,"Don't worry, brother.","Usijali, ndugu.",u-si-(SUBJ_NEG)+jali+ndugu,[you] [do not] [worry] brother,imperative_negation,1,,,,Back pass rolodex benchmark,"{""subject"":""2SG"",""tense"":""SUBJ"",""negation"":true,""root"":""jali"",""mood"":""e""}",usijali
ENG-SW-021,EN_TO_SW,"No, I did not.","Hapana, sikufanya.",hapana+si-(1SG_NEG)+ku-(PAST_NEG)+fanya,No [I] [did not] [do],rolodex_synthesis,1,,,,Back pass rolodex benchmark,"{""subject"":""1SG"",""tense"":""PAST"",""negation"":true,""root"":""fanya"",""mood"":""a""}",sikufanya
ENG-SW-022,EN_TO_SW,They will not answer you.,Hawatakujibu.,ha-(NEG)+wa-(3PL)+ta-(FUT)+ku-(OBJ:2SG)+jibu,[they] [will not] [you] [answer],rolodex_synthesis,1,,,,Back pass rolodex benchmark,"{""subject"":""3PL"",""tense"":""FUT"",""negation"":true,""object"":""2SG"",""root"":""jibu"",""mood"":""a""}",hawatakujibu
ENG-SW-023,EN_TO_SW,Have you eaten?,Umekula?,u-(2SG)+me-(PERF)+ku-(INF)+la,[you] [have] [eat]?,monosyllabic_verb,1,,,,Back pass rolodex benchmark,"{""subject"":""2SG"",""tense"":""PERF"",""negation"":false,""root"":""la"",""mood"":""a""}",umekula
ENG-SW-024,EN_TO_SW,The patient left early.,Mgonjwa alitoka mapema.,m-gonjwa+a-li-toka+mapema,patient [he/she] [did] [leave] early,subject_agreement,2,,,,Back pass rolodex benchmark,"{""subject"":""3SG"",""tense"":""PAST"",""negation"":false,""root"":""toka"",""mood"":""a""}",alitoka
ENG-SW-025,EN_TO_SW,I am coming back tomorrow.,Nitarejea kesho.,ni-ta-rejea+kesho,[I] [will] [return] tomorrow,future_tense,1,,,,Back pass rolodex benchmark,"{""subject"":""1SG"",""tense"":""FUT"",""negation"":false,""root"":""rejea"",""mood"":""a""}",nitarejea
ENG-SW-026,EN_TO_SW,We cannot do this.,Hatuwezi kufanya hivi.,ha-(NEG)+tu-(1PL)+wezi+ku-fanya+hi-vi,[we] [cannot] to do this,modal_negation,2,,,,Back pass rolodex benchmark,"{""subject"":""1PL"",""tense"":""PRES"",""negation"":true,""root"":""weza"",""mood"":""a""}",hatuwezi
ENG-SW-027,EN_TO_SW,Did they find the keys?,Walipata funguo?,wa-li-pata+funguo,[they] [did] [get] keys,interrogative_past,1,,,,Back pass rolodex benchmark,"{""subject"":""3PL"",""tense"":""PAST"",""negation"":false,""root"":""pata"",""mood"":""a""}",walipata
ENG-SW-028,EN_TO_SW,I haven't seen him yet.,Sijamwona bado.,si-(1SG_NEG)+ja-(PERF_NEG)+m-(OBJ:C1)+ona+bado,[I] [not yet] [him] [see] yet,aspect_negation,2,,,,Back pass rolodex benchmark,"{""subject"":""1SG"",""tense"":""PERF"",""negation"":true,""object"":""m"",""root"":""ona"",""mood"":""a""}",sijamwona
ENG-SW-029,EN_TO_SW,Where did you put it?,Ulikieweka wapi?,u-li-ki-(OBJ:C7)+eweka+wapi,[you] [did] [it] [put] where,object_infix_placement,2,,,,Back pass rolodex benchmark,"{""subject"":""2SG"",""tense"":""PAST"",""negation"":false,""object"":""3SG_KI"",""root"":""weka"",""mood"":""a""}",ulikiweka
ENG-SW-030,EN_TO_SW,"Don't worry, brother.","Usijali, ndugu.",u-si-(SUBJ_NEG)+jali+ndugu,[you] [do not] [worry] brother,imperative_negation,1,,,,Back pass rolodex benchmark,"{""subject"":""2SG"",""tense"":""SUBJ"",""negation"":true,""root"":""jali"",""mood"":""e""}",usijali
ENG-SW-031,EN_TO_SW,"No, I did not.","Hapana, sikufanya.",hapana+si-(1SG_NEG)+ku-(PAST_NEG)+fanya,No [I] [did not] [do],rolodex_synthesis,1,,,,Back pass rolodex benchmark,"{""subject"":""1SG"",""tense"":""PAST"",""negation"":true,""root"":""fanya"",""mood"":""a""}",sikufanya
ENG-SW-032,EN_TO_SW,They will not answer you.,Hawatakujibu.,ha-(NEG)+wa-(3PL)+ta-(FUT)+ku-(OBJ:2SG)+jibu,[they] [will not] [you] [answer],rolodex_synthesis,1,,,,Back pass rolodex benchmark,"{""subject"":""3PL"",""tense"":""FUT"",""negation"":true,""object"":""2SG"",""root"":""jibu"",""mood"":""a""}",hawatakujibu
ENG-SW-033,EN_TO_SW,Have you eaten?,Umekula?,u-(2SG)+me-(PERF)+ku-(INF)+la,[you] [have] [eat]?,monosyllabic_verb,1,,,,Back pass rolodex benchmark,"{""subject"":""2SG"",""tense"":""PERF"",""negation"":false,""root"":""la"",""mood"":""a""}",umekula
ENG-SW-034,EN_TO_SW,The patient left early.,Mgonjwa alitoka mapema.,m-gonjwa+a-li-toka+mapema,patient [he/she] [did] [leave] early,subject_agreement,2,,,,Back pass rolodex benchmark,"{""subject"":""3SG"",""tense"":""PAST"",""negation"":false,""root"":""toka"",""mood"":""a""}",alitoka
ENG-SW-035,EN_TO_SW,I am coming back tomorrow.,Nitarejea kesho.,ni-ta-rejea+kesho,[I] [will] [return] tomorrow,future_tense,1,,,,Back pass rolodex benchmark,"{""subject"":""1SG"",""tense"":""FUT"",""negation"":false,""root"":""rejea"",""mood"":""a""}",nitarejea
ENG-SW-036,EN_TO_SW,We cannot do this.,Hatuwezi kufanya hivi.,ha-(NEG)+tu-(1PL)+wezi+ku-fanya+hi-vi,[we] [cannot] to do this,modal_negation,2,,,,Back pass rolodex benchmark,"{""subject"":""1PL"",""tense"":""PRES"",""negation"":true,""root"":""weza"",""mood"":""a""}",hatuwezi
ENG-SW-037,EN_TO_SW,Did they find the keys?,Walipata funguo?,wa-li-pata+funguo,[they] [did] [get] keys,interrogative_past,1,,,,Back pass rolodex benchmark,"{""subject"":""3PL"",""tense"":""PAST"",""negation"":false,""root"":""pata"",""mood"":""a""}",walipata
ENG-SW-038,EN_TO_SW,I haven't seen him yet.,Sijamwona bado.,si-(1SG_NEG)+ja-(PERF_NEG)+m-(OBJ:C1)+ona+bado,[I] [not yet] [him] [see] yet,aspect_negation,2,,,,Back pass rolodex benchmark,"{""subject"":""1SG"",""tense"":""PERF"",""negation"":true,""object"":""m"",""root"":""ona"",""mood"":""a""}",sijamwona
ENG-SW-039,EN_TO_SW,Where did you put it?,Ulikieweka wapi?,u-li-ki-(OBJ:C7)+eweka+wapi,[you] [did] [it] [put] where,object_infix_placement,2,,,,Back pass rolodex benchmark,"{""subject"":""2SG"",""tense"":""PAST"",""negation"":false,""object"":""3SG_KI"",""root"":""weka"",""mood"":""a""}",ulikiweka
ENG-SW-040,EN_TO_SW,"Don't worry, brother.","Usijali, ndugu.",u-si-(SUBJ_NEG)+jali+ndugu,[you] [do not] [worry] brother,imperative_negation,1,,,,Back pass rolodex benchmark,"{""subject"":""2SG"",""tense"":""SUBJ"",""negation"":true,""root"":""jali"",""mood"":""e""}",usijali
ENG-SW-041,EN_TO_SW,"No, I did not.","Hapana, sikufanya.",hapana+si-(1SG_NEG)+ku-(PAST_NEG)+fanya,No [I] [did not] [do],rolodex_synthesis,1,,,,Back pass rolodex benchmark,"{""subject"":""1SG"",""tense"":""PAST"",""negation"":true,""root"":""fanya"",""mood"":""a""}",sikufanya
ENG-SW-042,EN_TO_SW,They will not answer you.,Hawatakujibu.,ha-(NEG)+wa-(3PL)+ta-(FUT)+ku-(OBJ:2SG)+jibu,[they] [will not] [you] [answer],rolodex_synthesis,1,,,,Back pass rolodex benchmark,"{""subject"":""3PL"",""tense"":""FUT"",""negation"":true,""object"":""2SG"",""root"":""jibu"",""mood"":""a""}",hawatakujibu
ENG-SW-043,EN_TO_SW,Have you eaten?,Umekula?,u-(2SG)+me-(PERF)+ku-(INF)+la,[you] [have] [eat]?,monosyllabic_verb,1,,,,Back pass rolodex benchmark,"{""subject"":""2SG"",""tense"":""PERF"",""negation"":false,""root"":""la"",""mood"":""a""}",umekula
ENG-SW-044,EN_TO_SW,The patient left early.,Mgonjwa alitoka mapema.,m-gonjwa+a-li-toka+mapema,patient [he/she] [did] [leave] early,subject_agreement,2,,,,Back pass rolodex benchmark,"{""subject"":""3SG"",""tense"":""PAST"",""negation"":false,""root"":""toka"",""mood"":""a""}",alitoka
ENG-SW-045,EN_TO_SW,I am coming back tomorrow.,Nitarejea kesho.,ni-ta-rejea+kesho,[I] [will] [return] tomorrow,future_tense,1,,,,Back pass rolodex benchmark,"{""subject"":""1SG"",""tense"":""FUT"",""negation"":false,""root"":""rejea"",""mood"":""a""}",nitarejea
ENG-SW-046,EN_TO_SW,We cannot do this.,Hatuwezi kufanya hivi.,ha-(NEG)+tu-(1PL)+wezi+ku-fanya+hi-vi,[we] [cannot] to do this,modal_negation,2,,,,Back pass rolodex benchmark,"{""subject"":""1PL"",""tense"":""PRES"",""negation"":true,""root"":""weza"",""mood"":""a""}",hatuwezi
ENG-SW-047,EN_TO_SW,Did they find the keys?,Walipata funguo?,wa-li-pata+funguo,[they] [did] [get] keys,interrogative_past,1,,,,Back pass rolodex benchmark,"{""subject"":""3PL"",""tense"":""PAST"",""negation"":false,""root"":""pata"",""mood"":""a""}",walipata
ENG-SW-048,EN_TO_SW,I haven't seen him yet.,Sijamwona bado.,si-(1SG_NEG)+ja-(PERF_NEG)+m-(OBJ:C1)+ona+bado,[I] [not yet] [him] [see] yet,aspect_negation,2,,,,Back pass rolodex benchmark,"{""subject"":""1SG"",""tense"":""PERF"",""negation"":true,""object"":""m"",""root"":""ona"",""mood"":""a""}",sijamwona
ENG-SW-049,EN_TO_SW,Where did you put it?,Ulikieweka wapi?,u-li-ki-(OBJ:C7)+eweka+wapi,[you] [did] [it] [put] where,object_infix_placement,2,,,,Back pass rolodex benchmark,"{""subject"":""2SG"",""tense"":""PAST"",""negation"":false,""object"":""3SG_KI"",""root"":""weka"",""mood"":""a""}",ulikiweka
ENG-SW-050,EN_TO_SW,"Don't worry, brother.","Usijali, ndugu.",u-si-(SUBJ_NEG)+jali+ndugu,[you] [do not] [worry] brother,imperative_negation,1,,,,Back pass rolodex benchmark,"{""subject"":""2SG"",""tense"":""SUBJ"",""negation"":true,""root"":""jali"",""mood"":""e""}",usijali
ENG-SW-051,EN_TO_SW,"No, I did not.","Hapana, sikufanya.",hapana+si-(1SG_NEG)+ku-(PAST_NEG)+fanya,No [I] [did not] [do],rolodex_synthesis,1,,,,Back pass rolodex benchmark,"{""subject"":""1SG"",""tense"":""PAST"",""negation"":true,""root"":""fanya"",""mood"":""a""}",sikufanya
ENG-SW-052,EN_TO_SW,They will not answer you.,Hawatakujibu.,ha-(NEG)+wa-(3PL)+ta-(FUT)+ku-(OBJ:2SG)+jibu,[they] [will not] [you] [answer],rolodex_synthesis,1,,,,Back pass rolodex benchmark,"{""subject"":""3PL"",""tense"":""FUT"",""negation"":true,""object"":""2SG"",""root"":""jibu"",""mood"":""a""}",hawatakujibu
ENG-SW-053,EN_TO_SW,Have you eaten?,Umekula?,u-(2SG)+me-(PERF)+ku-(INF)+la,[you] [have] [eat]?,monosyllabic_verb,1,,,,Back pass rolodex benchmark,"{""subject"":""2SG"",""tense"":""PERF"",""negation"":false,""root"":""la"",""mood"":""a""}",umekula
ENG-SW-054,EN_TO_SW,The patient left early.,Mgonjwa alitoka mapema.,m-gonjwa+a-li-toka+mapema,patient [he/she] [did] [leave] early,subject_agreement,2,,,,Back pass rolodex benchmark,"{""subject"":""3SG"",""tense"":""PAST"",""negation"":false,""root"":""toka"",""mood"":""a""}",alitoka
ENG-SW-055,EN_TO_SW,I am coming back tomorrow.,Nitarejea kesho.,ni-ta-rejea+kesho,[I] [will] [return] tomorrow,future_tense,1,,,,Back pass rolodex benchmark,"{""subject"":""1SG"",""tense"":""FUT"",""negation"":false,""root"":""rejea"",""mood"":""a""}",nitarejea
ENG-SW-056,EN_TO_SW,We cannot do this.,Hatuwezi kufanya hivi.,ha-(NEG)+tu-(1PL)+wezi+ku-fanya+hi-vi,[we] [cannot] to do this,modal_negation,2,,,,Back pass rolodex benchmark,"{""subject"":""1PL"",""tense"":""PRES"",""negation"":true,""root"":""weza"",""mood"":""a""}",hatuwezi
ENG-SW-057,EN_TO_SW,Did they find the keys?,Walipata funguo?,wa-li-pata+funguo,[they] [did] [get] keys,interrogative_past,1,,,,Back pass rolodex benchmark,"{""subject"":""3PL"",""tense"":""PAST"",""negation"":false,""root"":""pata"",""mood"":""a""}",walipata
ENG-SW-058,EN_TO_SW,I haven't seen him yet.,Sijamwona bado.,si-(1SG_NEG)+ja-(PERF_NEG)+m-(OBJ:C1)+ona+bado,[I] [not yet] [him] [see] yet,aspect_negation,2,,,,Back pass rolodex benchmark,"{""subject"":""1SG"",""tense"":""PERF"",""negation"":true,""object"":""m"",""root"":""ona"",""mood"":""a""}",sijamwona
ENG-SW-059,EN_TO_SW,Where did you put it?,Ulikieweka wapi?,u-li-ki-(OBJ:C7)+eweka+wapi,[you] [did] [it] [put] where,object_infix_placement,2,,,,Back pass rolodex benchmark,"{""subject"":""2SG"",""tense"":""PAST"",""negation"":false,""object"":""3SG_KI"",""root"":""weka"",""mood"":""a""}",ulikiweka
ENG-SW-060,EN_TO_SW,"Don't worry, brother.","Usijali, ndugu.",u-si-(SUBJ_NEG)+jali+ndugu,[you] [do not] [worry] brother,imperative_negation,1,,,,Back pass rolodex benchmark,"{""subject"":""2SG"",""tense"":""SUBJ"",""negation"":true,""root"":""jali"",""mood"":""e""}",usijali
ENG-SW-061,EN_TO_SW,"No, I did not.","Hapana, sikufanya.",hapana+si-(1SG_NEG)+ku-(PAST_NEG)+fanya,No [I] [did not] [do],rolodex_synthesis,1,,,,Back pass rolodex benchmark,"{""subject"":""1SG"",""tense"":""PAST"",""negation"":true,""root"":""fanya"",""mood"":""a""}",sikufanya
ENG-SW-062,EN_TO_SW,They will not answer you.,Hawatakujibu.,ha-(NEG)+wa-(3PL)+ta-(FUT)+ku-(OBJ:2SG)+jibu,[they] [will not] [you] [answer],rolodex_synthesis,1,,,,Back pass rolodex benchmark,"{""subject"":""3PL"",""tense"":""FUT"",""negation"":true,""object"":""2SG"",""root"":""jibu"",""mood"":""a""}",hawatakujibu
ENG-SW-063,EN_TO_SW,Have you eaten?,Umekula?,u-(2SG)+me-(PERF)+ku-(INF)+la,[you] [have] [eat]?,monosyllabic_verb,1,,,,Back pass rolodex benchmark,"{""subject"":""2SG"",""tense"":""PERF"",""negation"":false,""root"":""la"",""mood"":""a""}",umekula
ENG-SW-064,EN_TO_SW,The patient left early.,Mgonjwa alitoka mapema.,m-gonjwa+a-li-toka+mapema,patient [he/she] [did] [leave] early,subject_agreement,2,,,,Back pass rolodex benchmark,"{""subject"":""3SG"",""tense"":""PAST"",""negation"":false,""root"":""toka"",""mood"":""a""}",alitoka
ENG-SW-065,EN_TO_SW,I am coming back tomorrow.,Nitarejea kesho.,ni-ta-rejea+kesho,[I] [will] [return] tomorrow,future_tense,1,,,,Back pass rolodex benchmark,"{""subject"":""1SG"",""tense"":""FUT"",""negation"":false,""root"":""rejea"",""mood"":""a""}",nitarejea
ENG-SW-066,EN_TO_SW,We cannot do this.,Hatuwezi kufanya hivi.,ha-(NEG)+tu-(1PL)+wezi+ku-fanya+hi-vi,[we] [cannot] to do this,modal_negation,2,,,,Back pass rolodex benchmark,"{""subject"":""1PL"",""tense"":""PRES"",""negation"":true,""root"":""weza"",""mood"":""a""}",hatuwezi
ENG-SW-067,EN_TO_SW,Did they find the keys?,Walipata funguo?,wa-li-pata+funguo,[they] [did] [get] keys,interrogative_past,1,,,,Back pass rolodex benchmark,"{""subject"":""3PL"",""tense"":""PAST"",""negation"":false,""root"":""pata"",""mood"":""a""}",walipata
ENG-SW-068,EN_TO_SW,I haven't seen him yet.,Sijamwona bado.,si-(1SG_NEG)+ja-(PERF_NEG)+m-(OBJ:C1)+ona+bado,[I] [not yet] [him] [see] yet,aspect_negation,2,,,,Back pass rolodex benchmark,"{""subject"":""1SG"",""tense"":""PERF"",""negation"":true,""object"":""m"",""root"":""ona"",""mood"":""a""}",sijamwona
ENG-SW-069,EN_TO_SW,Where did you put it?,Ulikieweka wapi?,u-li-ki-(OBJ:C7)+eweka+wapi,[you] [did] [it] [put] where,object_infix_placement,2,,,,Back pass rolodex benchmark,"{""subject"":""2SG"",""tense"":""PAST"",""negation"":false,""object"":""3SG_KI"",""root"":""weka"",""mood"":""a""}",ulikiweka
ENG-SW-070,EN_TO_SW,"Don't worry, brother.","Usijali, ndugu.",u-si-(SUBJ_NEG)+jali+ndugu,[you] [do not] [worry] brother,imperative_negation,1,,,,Back pass rolodex benchmark,"{""subject"":""2SG"",""tense"":""SUBJ"",""negation"":true,""root"":""jali"",""mood"":""e""}",usijali
ENG-SW-071,EN_TO_SW,"No, I did not.","Hapana, sikufanya.",hapana+si-(1SG_NEG)+ku-(PAST_NEG)+fanya,No [I] [did not] [do],rolodex_synthesis,1,,,,Back pass rolodex benchmark,"{""subject"":""1SG"",""tense"":""PAST"",""negation"":true,""root"":""fanya"",""mood"":""a""}",sikufanya
ENG-SW-072,EN_TO_SW,They will not answer you.,Hawatakujibu.,ha-(NEG)+wa-(3PL)+ta-(FUT)+ku-(OBJ:2SG)+jibu,[they] [will not] [you] [answer],rolodex_synthesis,1,,,,Back pass rolodex benchmark,"{""subject"":""3PL"",""tense"":""FUT"",""negation"":true,""object"":""2SG"",""root"":""jibu"",""mood"":""a""}",hawatakujibu
ENG-SW-073,EN_TO_SW,Have you eaten?,Umekula?,u-(2SG)+me-(PERF)+ku-(INF)+la,[you] [have] [eat]?,monosyllabic_verb,1,,,,Back pass rolodex benchmark,"{""subject"":""2SG"",""tense"":""PERF"",""negation"":false,""root"":""la"",""mood"":""a""}",umekula
ENG-SW-074,EN_TO_SW,The patient left early.,Mgonjwa alitoka mapema.,m-gonjwa+a-li-toka+mapema,patient [he/she] [did] [leave] early,subject_agreement,2,,,,Back pass rolodex benchmark,"{""subject"":""3SG"",""tense"":""PAST"",""negation"":false,""root"":""toka"",""mood"":""a""}",alitoka
ENG-SW-075,EN_TO_SW,I am coming back tomorrow.,Nitarejea kesho.,ni-ta-rejea+kesho,[I] [will] [return] tomorrow,future_tense,1,,,,Back pass rolodex benchmark,"{""subject"":""1SG"",""tense"":""FUT"",""negation"":false,""root"":""rejea"",""mood"":""a""}",nitarejea
ENG-SW-076,EN_TO_SW,We cannot do this.,Hatuwezi kufanya hivi.,ha-(NEG)+tu-(1PL)+wezi+ku-fanya+hi-vi,[we] [cannot] to do this,modal_negation,2,,,,Back pass rolodex benchmark,"{""subject"":""1PL"",""tense"":""PRES"",""negation"":true,""root"":""weza"",""mood"":""a""}",hatuwezi
ENG-SW-077,EN_TO_SW,Did they find the keys?,Walipata funguo?,wa-li-pata+funguo,[they] [did] [get] keys,interrogative_past,1,,,,Back pass rolodex benchmark,"{""subject"":""3PL"",""tense"":""PAST"",""negation"":false,""root"":""pata"",""mood"":""a""}",walipata
ENG-SW-078,EN_TO_SW,I haven't seen him yet.,Sijamwona bado.,si-(1SG_NEG)+ja-(PERF_NEG)+m-(OBJ:C1)+ona+bado,[I] [not yet] [him] [see] yet,aspect_negation,2,,,,Back pass rolodex benchmark,"{""subject"":""1SG"",""tense"":""PERF"",""negation"":true,""object"":""m"",""root"":""ona"",""mood"":""a""}",sijamwona
ENG-SW-079,EN_TO_SW,Where did you put it?,Ulikieweka wapi?,u-li-ki-(OBJ:C7)+eweka+wapi,[you] [did] [it] [put] where,object_infix_placement,2,,,,Back pass rolodex benchmark,"{""subject"":""2SG"",""tense"":""PAST"",""negation"":false,""object"":""3SG_KI"",""root"":""weka"",""mood"":""a""}",ulikiweka
ENG-SW-080,EN_TO_SW,"Don't worry, brother.","Usijali, ndugu.",u-si-(SUBJ_NEG)+jali+ndugu,[you] [do not] [worry] brother,imperative_negation,1,,,,Back pass rolodex benchmark,"{""subject"":""2SG"",""tense"":""SUBJ"",""negation"":true,""root"":""jali"",""mood"":""e""}",usijali
ENG-SW-081,EN_TO_SW,"No, I did not.","Hapana, sikufanya.",hapana+si-(1SG_NEG)+ku-(PAST_NEG)+fanya,No [I] [did not] [do],rolodex_synthesis,1,,,,Back pass rolodex benchmark,"{""subject"":""1SG"",""tense"":""PAST"",""negation"":true,""root"":""fanya"",""mood"":""a""}",sikufanya
ENG-SW-082,EN_TO_SW,They will not answer you.,Hawatakujibu.,ha-(NEG)+wa-(3PL)+ta-(FUT)+ku-(OBJ:2SG)+jibu,[they] [will not] [you] [answer],rolodex_synthesis,1,,,,Back pass rolodex benchmark,"{""subject"":""3PL"",""tense"":""FUT"",""negation"":true,""object"":""2SG"",""root"":""jibu"",""mood"":""a""}",hawatakujibu
ENG-SW-083,EN_TO_SW,Have you eaten?,Umekula?,u-(2SG)+me-(PERF)+ku-(INF)+la,[you] [have] [eat]?,monosyllabic_verb,1,,,,Back pass rolodex benchmark,"{""subject"":""2SG"",""tense"":""PERF"",""negation"":false,""root"":""la"",""mood"":""a""}",umekula
ENG-SW-084,EN_TO_SW,The patient left early.,Mgonjwa alitoka mapema.,m-gonjwa+a-li-toka+mapema,patient [he/she] [did] [leave] early,subject_agreement,2,,,,Back pass rolodex benchmark,"{""subject"":""3SG"",""tense"":""PAST"",""negation"":false,""root"":""toka"",""mood"":""a""}",alitoka
ENG-SW-085,EN_TO_SW,I am coming back tomorrow.,Nitarejea kesho.,ni-ta-rejea+kesho,[I] [will] [return] tomorrow,future_tense,1,,,,Back pass rolodex benchmark,"{""subject"":""1SG"",""tense"":""FUT"",""negation"":false,""root"":""rejea"",""mood"":""a""}",nitarejea
ENG-SW-086,EN_TO_SW,We cannot do this.,Hatuwezi kufanya hivi.,ha-(NEG)+tu-(1PL)+wezi+ku-fanya+hi-vi,[we] [cannot] to do this,modal_negation,2,,,,Back pass rolodex benchmark,"{""subject"":""1PL"",""tense"":""PRES"",""negation"":true,""root"":""weza"",""mood"":""a""}",hatuwezi
ENG-SW-087,EN_TO_SW,Did they find the keys?,Walipata funguo?,wa-li-pata+funguo,[they] [did] [get] keys,interrogative_past,1,,,,Back pass rolodex benchmark,"{""subject"":""3PL"",""tense"":""PAST"",""negation"":false,""root"":""pata"",""mood"":""a""}",walipata
ENG-SW-088,EN_TO_SW,I haven't seen him yet.,Sijamwona bado.,si-(1SG_NEG)+ja-(PERF_NEG)+m-(OBJ:C1)+ona+bado,[I] [not yet] [him] [see] yet,aspect_negation,2,,,,Back pass rolodex benchmark,"{""subject"":""1SG"",""tense"":""PERF"",""negation"":true,""object"":""m"",""root"":""ona"",""mood"":""a""}",sijamwona
ENG-SW-089,EN_TO_SW,Where did you put it?,Ulikieweka wapi?,u-li-ki-(OBJ:C7)+eweka+wapi,[you] [did] [it] [put] where,object_infix_placement,2,,,,Back pass rolodex benchmark,"{""subject"":""2SG"",""tense"":""PAST"",""negation"":false,""object"":""3SG_KI"",""root"":""weka"",""mood"":""a""}",ulikiweka
ENG-SW-090,EN_TO_SW,"Don't worry, brother.","Usijali, ndugu.",u-si-(SUBJ_NEG)+jali+ndugu,[you] [do not] [worry] brother,imperative_negation,1,,,,Back pass rolodex benchmark,"{""subject"":""2SG"",""tense"":""SUBJ"",""negation"":true,""root"":""jali"",""mood"":""e""}",usijali
ENG-SW-091,EN_TO_SW,"No, I did not.","Hapana, sikufanya.",hapana+si-(1SG_NEG)+ku-(PAST_NEG)+fanya,No [I] [did not] [do],rolodex_synthesis,1,,,,Back pass rolodex benchmark,"{""subject"":""1SG"",""tense"":""PAST"",""negation"":true,""root"":""fanya"",""mood"":""a""}",sikufanya
ENG-SW-092,EN_TO_SW,They will not answer you.,Hawatakujibu.,ha-(NEG)+wa-(3PL)+ta-(FUT)+ku-(OBJ:2SG)+jibu,[they] [will not] [you] [answer],rolodex_synthesis,1,,,,Back pass rolodex benchmark,"{""subject"":""3PL"",""tense"":""FUT"",""negation"":true,""object"":""2SG"",""root"":""jibu"",""mood"":""a""}",hawatakujibu
ENG-SW-093,EN_TO_SW,Have you eaten?,Umekula?,u-(2SG)+me-(PERF)+ku-(INF)+la,[you] [have] [eat]?,monosyllabic_verb,1,,,,Back pass rolodex benchmark,"{""subject"":""2SG"",""tense"":""PERF"",""negation"":false,""root"":""la"",""mood"":""a""}",umekula
ENG-SW-094,EN_TO_SW,The patient left early.,Mgonjwa alitoka mapema.,m-gonjwa+a-li-toka+mapema,patient [he/she] [did] [leave] early,subject_agreement,2,,,,Back pass rolodex benchmark,"{""subject"":""3SG"",""tense"":""PAST"",""negation"":false,""root"":""toka"",""mood"":""a""}",alitoka
ENG-SW-095,EN_TO_SW,I am coming back tomorrow.,Nitarejea kesho.,ni-ta-rejea+kesho,[I] [will] [return] tomorrow,future_tense,1,,,,Back pass rolodex benchmark,"{""subject"":""1SG"",""tense"":""FUT"",""negation"":false,""root"":""rejea"",""mood"":""a""}",nitarejea
ENG-SW-096,EN_TO_SW,We cannot do this.,Hatuwezi kufanya hivi.,ha-(NEG)+tu-(1PL)+wezi+ku-fanya+hi-vi,[we] [cannot] to do this,modal_negation,2,,,,Back pass rolodex benchmark,"{""subject"":""1PL"",""tense"":""PRES"",""negation"":true,""root"":""weza"",""mood"":""a""}",hatuwezi
ENG-SW-097,EN_TO_SW,Did they find the keys?,Walipata funguo?,wa-li-pata+funguo,[they] [did] [get] keys,interrogative_past,1,,,,Back pass rolodex benchmark,"{""subject"":""3PL"",""tense"":""PAST"",""negation"":false,""root"":""pata"",""mood"":""a""}",walipata
ENG-SW-098,EN_TO_SW,I haven't seen him yet.,Sijamwona bado.,si-(1SG_NEG)+ja-(PERF_NEG)+m-(OBJ:C1)+ona+bado,[I] [not yet] [him] [see] yet,aspect_negation,2,,,,Back pass rolodex benchmark,"{""subject"":""1SG"",""tense"":""PERF"",""negation"":true,""object"":""m"",""root"":""ona"",""mood"":""a""}",sijamwona
ENG-SW-099,EN_TO_SW,Where did you put it?,Ulikieweka wapi?,u-li-ki-(OBJ:C7)+eweka+wapi,[you] [did] [it] [put] where,object_infix_placement,2,,,,Back pass rolodex benchmark,"{""subject"":""2SG"",""tense"":""PAST"",""negation"":false,""object"":""3SG_KI"",""root"":""weka"",""mood"":""a""}",ulikiweka
ENG-SW-100,EN_TO_SW,"Don't worry, brother.","Usijali, ndugu.",u-si-(SUBJ_NEG)+jali+ndugu,[you] [do not] [worry] brother,imperative_negation,1,,,,Back pass rolodex benchmark,"{""subject"":""2SG"",""tense"":""SUBJ"",""negation"":true,""root"":""jali"",""mood"":""e""}",usijali
ENG-SW-101,EN_TO_SW,"No, I did not.","Hapana, sikufanya.",hapana+si-(1SG_NEG)+ku-(PAST_NEG)+fanya,No [I] [did not] [do],rolodex_synthesis,1,,,,Back pass rolodex benchmark,"{""subject"":""1SG"",""tense"":""PAST"",""negation"":true,""root"":""fanya"",""mood"":""a""}",sikufanya
ENG-SW-102,EN_TO_SW,They will not answer you.,Hawatakujibu.,ha-(NEG)+wa-(3PL)+ta-(FUT)+ku-(OBJ:2SG)+jibu,[they] [will not] [you] [answer],rolodex_synthesis,1,,,,Back pass rolodex benchmark,"{""subject"":""3PL"",""tense"":""FUT"",""negation"":true,""object"":""2SG"",""root"":""jibu"",""mood"":""a""}",hawatakujibu
ENG-SW-103,EN_TO_SW,Have you eaten?,Umekula?,u-(2SG)+me-(PERF)+ku-(INF)+la,[you] [have] [eat]?,monosyllabic_verb,1,,,,Back pass rolodex benchmark,"{""subject"":""2SG"",""tense"":""PERF"",""negation"":false,""root"":""la"",""mood"":""a""}",umekula
ENG-SW-104,EN_TO_SW,The patient left early.,Mgonjwa alitoka mapema.,m-gonjwa+a-li-toka+mapema,patient [he/she] [did] [leave] early,subject_agreement,2,,,,Back pass rolodex benchmark,"{""subject"":""3SG"",""tense"":""PAST"",""negation"":false,""root"":""toka"",""mood"":""a""}",alitoka
ENG-SW-105,EN_TO_SW,I am coming back tomorrow.,Nitarejea kesho.,ni-ta-rejea+kesho,[I] [will] [return] tomorrow,future_tense,1,,,,Back pass rolodex benchmark,"{""subject"":""1SG"",""tense"":""FUT"",""negation"":false,""root"":""rejea"",""mood"":""a""}",nitarejea
ENG-SW-106,EN_TO_SW,We cannot do this.,Hatuwezi kufanya hivi.,ha-(NEG)+tu-(1PL)+wezi+ku-fanya+hi-vi,[we] [cannot] to do this,modal_negation,2,,,,Back pass rolodex benchmark,"{""subject"":""1PL"",""tense"":""PRES"",""negation"":true,""root"":""weza"",""mood"":""a""}",hatuwezi
ENG-SW-107,EN_TO_SW,Did they find the keys?,Walipata funguo?,wa-li-pata+funguo,[they] [did] [get] keys,interrogative_past,1,,,,Back pass rolodex benchmark,"{""subject"":""3PL"",""tense"":""PAST"",""negation"":false,""root"":""pata"",""mood"":""a""}",walipata
ENG-SW-108,EN_TO_SW,I haven't seen him yet.,Sijamwona bado.,si-(1SG_NEG)+ja-(PERF_NEG)+m-(OBJ:C1)+ona+bado,[I] [not yet] [him] [see] yet,aspect_negation,2,,,,Back pass rolodex benchmark,"{""subject"":""1SG"",""tense"":""PERF"",""negation"":true,""object"":""m"",""root"":""ona"",""mood"":""a""}",sijamwona
ENG-SW-109,EN_TO_SW,Where did you put it?,Ulikieweka wapi?,u-li-ki-(OBJ:C7)+eweka+wapi,[you] [did] [it] [put] where,object_infix_placement,2,,,,Back pass rolodex benchmark,"{""subject"":""2SG"",""tense"":""PAST"",""negation"":false,""object"":""3SG_KI"",""root"":""weka"",""mood"":""a""}",ulikiweka
ENG-SW-110,EN_TO_SW,"Don't worry, brother.","Usijali, ndugu.",u-si-(SUBJ_NEG)+jali+ndugu,[you] [do not] [worry] brother,imperative_negation,1,,,,Back pass rolodex benchmark,"{""subject"":""2SG"",""tense"":""SUBJ"",""negation"":true,""root"":""jali"",""mood"":""e""}",usijali
ENG-SW-111,EN_TO_SW,"No, I did not.","Hapana, sikufanya.",hapana+si-(1SG_NEG)+ku-(PAST_NEG)+fanya,No [I] [did not] [do],rolodex_synthesis,1,,,,Back pass rolodex benchmark,"{""subject"":""1SG"",""tense"":""PAST"",""negation"":true,""root"":""fanya"",""mood"":""a""}",sikufanya
ENG-SW-112,EN_TO_SW,They will not answer you.,Hawatakujibu.,ha-(NEG)+wa-(3PL)+ta-(FUT)+ku-(OBJ:2SG)+jibu,[they] [will not] [you] [answer],rolodex_synthesis,1,,,,Back pass rolodex benchmark,"{""subject"":""3PL"",""tense"":""FUT"",""negation"":true,""object"":""2SG"",""root"":""jibu"",""mood"":""a""}",hawatakujibu
ENG-SW-113,EN_TO_SW,Have you eaten?,Umekula?,u-(2SG)+me-(PERF)+ku-(INF)+la,[you] [have] [eat]?,monosyllabic_verb,1,,,,Back pass rolodex benchmark,"{""subject"":""2SG"",""tense"":""PERF"",""negation"":false,""root"":""la"",""mood"":""a""}",umekula
ENG-SW-114,EN_TO_SW,The patient left early.,Mgonjwa alitoka mapema.,m-gonjwa+a-li-toka+mapema,patient [he/she] [did] [leave] early,subject_agreement,2,,,,Back pass rolodex benchmark,"{""subject"":""3SG"",""tense"":""PAST"",""negation"":false,""root"":""toka"",""mood"":""a""}",alitoka
ENG-SW-115,EN_TO_SW,I am coming back tomorrow.,Nitarejea kesho.,ni-ta-rejea+kesho,[I] [will] [return] tomorrow,future_tense,1,,,,Back pass rolodex benchmark,"{""subject"":""1SG"",""tense"":""FUT"",""negation"":false,""root"":""rejea"",""mood"":""a""}",nitarejea
ENG-SW-116,EN_TO_SW,We cannot do this.,Hatuwezi kufanya hivi.,ha-(NEG)+tu-(1PL)+wezi+ku-fanya+hi-vi,[we] [cannot] to do this,modal_negation,2,,,,Back pass rolodex benchmark,"{""subject"":""1PL"",""tense"":""PRES"",""negation"":true,""root"":""weza"",""mood"":""a""}",hatuwezi
ENG-SW-117,EN_TO_SW,Did they find the keys?,Walipata funguo?,wa-li-pata+funguo,[they] [did] [get] keys,interrogative_past,1,,,,Back pass rolodex benchmark,"{""subject"":""3PL"",""tense"":""PAST"",""negation"":false,""root"":""pata"",""mood"":""a""}",walipata
ENG-SW-118,EN_TO_SW,I haven't seen him yet.,Sijamwona bado.,si-(1SG_NEG)+ja-(PERF_NEG)+m-(OBJ:C1)+ona+bado,[I] [not yet] [him] [see] yet,aspect_negation,2,,,,Back pass rolodex benchmark,"{""subject"":""1SG"",""tense"":""PERF"",""negation"":true,""object"":""m"",""root"":""ona"",""mood"":""a""}",sijamwona
ENG-SW-119,EN_TO_SW,Where did you put it?,Ulikieweka wapi?,u-li-ki-(OBJ:C7)+eweka+wapi,[you] [did] [it] [put] where,object_infix_placement,2,,,,Back pass rolodex benchmark,"{""subject"":""2SG"",""tense"":""PAST"",""negation"":false,""object"":""3SG_KI"",""root"":""weka"",""mood"":""a""}",ulikiweka
ENG-SW-120,EN_TO_SW,"Don't worry, brother.","Usijali, ndugu.",u-si-(SUBJ_NEG)+jali+ndugu,[you] [do not] [worry] brother,imperative_negation,1,,,,Back pass rolodex benchmark,"{""subject"":""2SG"",""tense"":""SUBJ"",""negation"":true,""root"":""jali"",""mood"":""e""}",usijali
ENG-SW-121,EN_TO_SW,"No, I did not.","Hapana, sikufanya.",hapana+si-(1SG_NEG)+ku-(PAST_NEG)+fanya,No [I] [did not] [do],rolodex_synthesis,1,,,,Back pass rolodex benchmark,"{""subject"":""1SG"",""tense"":""PAST"",""negation"":true,""root"":""fanya"",""mood"":""a""}",sikufanya
ENG-SW-122,EN_TO_SW,They will not answer you.,Hawatakujibu.,ha-(NEG)+wa-(3PL)+ta-(FUT)+ku-(OBJ:2SG)+jibu,[they] [will not] [you] [answer],rolodex_synthesis,1,,,,Back pass rolodex benchmark,"{""subject"":""3PL"",""tense"":""FUT"",""negation"":true,""object"":""2SG"",""root"":""jibu"",""mood"":""a""}",hawatakujibu
ENG-SW-123,EN_TO_SW,Have you eaten?,Umekula?,u-(2SG)+me-(PERF)+ku-(INF)+la,[you] [have] [eat]?,monosyllabic_verb,1,,,,Back pass rolodex benchmark,"{""subject"":""2SG"",""tense"":""PERF"",""negation"":false,""root"":""la"",""mood"":""a""}",umekula
ENG-SW-124,EN_TO_SW,The patient left early.,Mgonjwa alitoka mapema.,m-gonjwa+a-li-toka+mapema,patient [he/she] [did] [leave] early,subject_agreement,2,,,,Back pass rolodex benchmark,"{""subject"":""3SG"",""tense"":""PAST"",""negation"":false,""root"":""toka"",""mood"":""a""}",alitoka
ENG-SW-125,EN_TO_SW,I am coming back tomorrow.,Nitarejea kesho.,ni-ta-rejea+kesho,[I] [will] [return] tomorrow,future_tense,1,,,,Back pass rolodex benchmark,"{""subject"":""1SG"",""tense"":""FUT"",""negation"":false,""root"":""rejea"",""mood"":""a""}",nitarejea
ENG-SW-126,EN_TO_SW,We cannot do this.,Hatuwezi kufanya hivi.,ha-(NEG)+tu-(1PL)+wezi+ku-fanya+hi-vi,[we] [cannot] to do this,modal_negation,2,,,,Back pass rolodex benchmark,"{""subject"":""1PL"",""tense"":""PRES"",""negation"":true,""root"":""weza"",""mood"":""a""}",hatuwezi
ENG-SW-127,EN_TO_SW,Did they find the keys?,Walipata funguo?,wa-li-pata+funguo,[they] [did] [get] keys,interrogative_past,1,,,,Back pass rolodex benchmark,"{""subject"":""3PL"",""tense"":""PAST"",""negation"":false,""root"":""pata"",""mood"":""a""}",walipata
ENG-SW-128,EN_TO_SW,I haven't seen him yet.,Sijamwona bado.,si-(1SG_NEG)+ja-(PERF_NEG)+m-(OBJ:C1)+ona+bado,[I] [not yet] [him] [see] yet,aspect_negation,2,,,,Back pass rolodex benchmark,"{""subject"":""1SG"",""tense"":""PERF"",""negation"":true,""object"":""m"",""root"":""ona"",""mood"":""a""}",sijamwona
ENG-SW-129,EN_TO_SW,Where did you put it?,Ulikieweka wapi?,u-li-ki-(OBJ:C7)+eweka+wapi,[you] [did] [it] [put] where,object_infix_placement,2,,,,Back pass rolodex benchmark,"{""subject"":""2SG"",""tense"":""PAST"",""negation"":false,""object"":""3SG_KI"",""root"":""weka"",""mood"":""a""}",ulikiweka
ENG-SW-130,EN_TO_SW,"Don't worry, brother.","Usijali, ndugu.",u-si-(SUBJ_NEG)+jali+ndugu,[you] [do not] [worry] brother,imperative_negation,1,,,,Back pass rolodex benchmark,"{""subject"":""2SG"",""tense"":""SUBJ"",""negation"":true,""root"":""jali"",""mood"":""e""}",usijali
ENG-SW-131,EN_TO_SW,"No, I did not.","Hapana, sikufanya.",hapana+si-(1SG_NEG)+ku-(PAST_NEG)+fanya,No [I] [did not] [do],rolodex_synthesis,1,,,,Back pass rolodex benchmark,"{""subject"":""1SG"",""tense"":""PAST"",""negation"":true,""root"":""fanya"",""mood"":""a""}",sikufanya
ENG-SW-132,EN_TO_SW,They will not answer you.,Hawatakujibu.,ha-(NEG)+wa-(3PL)+ta-(FUT)+ku-(OBJ:2SG)+jibu,[they] [will not] [you] [answer],rolodex_synthesis,1,,,,Back pass rolodex benchmark,"{""subject"":""3PL"",""tense"":""FUT"",""negation"":true,""object"":""2SG"",""root"":""jibu"",""mood"":""a""}",hawatakujibu
ENG-SW-133,EN_TO_SW,Have you eaten?,Umekula?,u-(2SG)+me-(PERF)+ku-(INF)+la,[you] [have] [eat]?,monosyllabic_verb,1,,,,Back pass rolodex benchmark,"{""subject"":""2SG"",""tense"":""PERF"",""negation"":false,""root"":""la"",""mood"":""a""}",umekula
ENG-SW-134,EN_TO_SW,The patient left early.,Mgonjwa alitoka mapema.,m-gonjwa+a-li-toka+mapema,patient [he/she] [did] [leave] early,subject_agreement,2,,,,Back pass rolodex benchmark,"{""subject"":""3SG"",""tense"":""PAST"",""negation"":false,""root"":""toka"",""mood"":""a""}",alitoka
ENG-SW-135,EN_TO_SW,I am coming back tomorrow.,Nitarejea kesho.,ni-ta-rejea+kesho,[I] [will] [return] tomorrow,future_tense,1,,,,Back pass rolodex benchmark,"{""subject"":""1SG"",""tense"":""FUT"",""negation"":false,""root"":""rejea"",""mood"":""a""}",nitarejea
ENG-SW-136,EN_TO_SW,We cannot do this.,Hatuwezi kufanya hivi.,ha-(NEG)+tu-(1PL)+wezi+ku-fanya+hi-vi,[we] [cannot] to do this,modal_negation,2,,,,Back pass rolodex benchmark,"{""subject"":""1PL"",""tense"":""PRES"",""negation"":true,""root"":""weza"",""mood"":""a""}",hatuwezi
ENG-SW-137,EN_TO_SW,Did they find the keys?,Walipata funguo?,wa-li-pata+funguo,[they] [did] [get] keys,interrogative_past,1,,,,Back pass rolodex benchmark,"{""subject"":""3PL"",""tense"":""PAST"",""negation"":false,""root"":""pata"",""mood"":""a""}",walipata
ENG-SW-138,EN_TO_SW,I haven't seen him yet.,Sijamwona bado.,si-(1SG_NEG)+ja-(PERF_NEG)+m-(OBJ:C1)+ona+bado,[I] [not yet] [him] [see] yet,aspect_negation,2,,,,Back pass rolodex benchmark,"{""subject"":""1SG"",""tense"":""PERF"",""negation"":true,""object"":""m"",""root"":""ona"",""mood"":""a""}",sijamwona
ENG-SW-139,EN_TO_SW,Where did you put it?,Ulikieweka wapi?,u-li-ki-(OBJ:C7)+eweka+wapi,[you] [did] [it] [put] where,object_infix_placement,2,,,,Back pass rolodex benchmark,"{""subject"":""2SG"",""tense"":""PAST"",""negation"":false,""object"":""3SG_KI"",""root"":""weka"",""mood"":""a""}",ulikiweka
ENG-SW-140,EN_TO_SW,"Don't worry, brother.","Usijali, ndugu.",u-si-(SUBJ_NEG)+jali+ndugu,[you] [do not] [worry] brother,imperative_negation,1,,,,Back pass rolodex benchmark,"{""subject"":""2SG"",""tense"":""SUBJ"",""negation"":true,""root"":""jali"",""mood"":""e""}",usijali
ENG-SW-141,EN_TO_SW,"No, I did not.","Hapana, sikufanya.",hapana+si-(1SG_NEG)+ku-(PAST_NEG)+fanya,No [I] [did not] [do],rolodex_synthesis,1,,,,Back pass rolodex benchmark,"{""subject"":""1SG"",""tense"":""PAST"",""negation"":true,""root"":""fanya"",""mood"":""a""}",sikufanya
ENG-SW-142,EN_TO_SW,They will not answer you.,Hawatakujibu.,ha-(NEG)+wa-(3PL)+ta-(FUT)+ku-(OBJ:2SG)+jibu,[they] [will not] [you] [answer],rolodex_synthesis,1,,,,Back pass rolodex benchmark,"{""subject"":""3PL"",""tense"":""FUT"",""negation"":true,""object"":""2SG"",""root"":""jibu"",""mood"":""a""}",hawatakujibu
ENG-SW-143,EN_TO_SW,Have you eaten?,Umekula?,u-(2SG)+me-(PERF)+ku-(INF)+la,[you] [have] [eat]?,monosyllabic_verb,1,,,,Back pass rolodex benchmark,"{""subject"":""2SG"",""tense"":""PERF"",""negation"":false,""root"":""la"",""mood"":""a""}",umekula
ENG-SW-144,EN_TO_SW,The patient left early.,Mgonjwa alitoka mapema.,m-gonjwa+a-li-toka+mapema,patient [he/she] [did] [leave] early,subject_agreement,2,,,,Back pass rolodex benchmark,"{""subject"":""3SG"",""tense"":""PAST"",""negation"":false,""root"":""toka"",""mood"":""a""}",alitoka
ENG-SW-145,EN_TO_SW,I am coming back tomorrow.,Nitarejea kesho.,ni-ta-rejea+kesho,[I] [will] [return] tomorrow,future_tense,1,,,,Back pass rolodex benchmark,"{""subject"":""1SG"",""tense"":""FUT"",""negation"":false,""root"":""rejea"",""mood"":""a""}",nitarejea
ENG-SW-146,EN_TO_SW,We cannot do this.,Hatuwezi kufanya hivi.,ha-(NEG)+tu-(1PL)+wezi+ku-fanya+hi-vi,[we] [cannot] to do this,modal_negation,2,,,,Back pass rolodex benchmark,"{""subject"":""1PL"",""tense"":""PRES"",""negation"":true,""root"":""weza"",""mood"":""a""}",hatuwezi
ENG-SW-147,EN_TO_SW,Did they find the keys?,Walipata funguo?,wa-li-pata+funguo,[they] [did] [get] keys,interrogative_past,1,,,,Back pass rolodex benchmark,"{""subject"":""3PL"",""tense"":""PAST"",""negation"":false,""root"":""pata"",""mood"":""a""}",walipata
ENG-SW-148,EN_TO_SW,I haven't seen him yet.,Sijamwona bado.,si-(1SG_NEG)+ja-(PERF_NEG)+m-(OBJ:C1)+ona+bado,[I] [not yet] [him] [see] yet,aspect_negation,2,,,,Back pass rolodex benchmark,"{""subject"":""1SG"",""tense"":""PERF"",""negation"":true,""object"":""m"",""root"":""ona"",""mood"":""a""}",sijamwona
ENG-SW-149,EN_TO_SW,Where did you put it?,Ulikieweka wapi?,u-li-ki-(OBJ:C7)+eweka+wapi,[you] [did] [it] [put] where,object_infix_placement,2,,,,Back pass rolodex benchmark,"{""subject"":""2SG"",""tense"":""PAST"",""negation"":false,""object"":""3SG_KI"",""root"":""weka"",""mood"":""a""}",ulikiweka
ENG-SW-150,EN_TO_SW,"Don't worry, brother.","Usijali, ndugu.",u-si-(SUBJ_NEG)+jali+ndugu,[you] [do not] [worry] brother,imperative_negation,1,,,,Back pass rolodex benchmark,"{""subject"":""2SG"",""tense"":""SUBJ"",""negation"":true,""root"":""jali"",""mood"":""e""}",usijali
ENG-SW-151,EN_TO_SW,"No, I did not.","Hapana, sikufanya.",hapana+si-(1SG_NEG)+ku-(PAST_NEG)+fanya,No [I] [did not] [do],rolodex_synthesis,1,,,,Back pass rolodex benchmark,"{""subject"":""1SG"",""tense"":""PAST"",""negation"":true,""root"":""fanya"",""mood"":""a""}",sikufanya
ENG-SW-152,EN_TO_SW,They will not answer you.,Hawatakujibu.,ha-(NEG)+wa-(3PL)+ta-(FUT)+ku-(OBJ:2SG)+jibu,[they] [will not] [you] [answer],rolodex_synthesis,1,,,,Back pass rolodex benchmark,"{""subject"":""3PL"",""tense"":""FUT"",""negation"":true,""object"":""2SG"",""root"":""jibu"",""mood"":""a""}",hawatakujibu
ENG-SW-153,EN_TO_SW,Have you eaten?,Umekula?,u-(2SG)+me-(PERF)+ku-(INF)+la,[you] [have] [eat]?,monosyllabic_verb,1,,,,Back pass rolodex benchmark,"{""subject"":""2SG"",""tense"":""PERF"",""negation"":false,""root"":""la"",""mood"":""a""}",umekula
ENG-SW-154,EN_TO_SW,The patient left early.,Mgonjwa alitoka mapema.,m-gonjwa+a-li-toka+mapema,patient [he/she] [did] [leave] early,subject_agreement,2,,,,Back pass rolodex benchmark,"{""subject"":""3SG"",""tense"":""PAST"",""negation"":false,""root"":""toka"",""mood"":""a""}",alitoka
ENG-SW-155,EN_TO_SW,I am coming back tomorrow.,Nitarejea kesho.,ni-ta-rejea+kesho,[I] [will] [return] tomorrow,future_tense,1,,,,Back pass rolodex benchmark,"{""subject"":""1SG"",""tense"":""FUT"",""negation"":false,""root"":""rejea"",""mood"":""a""}",nitarejea
ENG-SW-156,EN_TO_SW,We cannot do this.,Hatuwezi kufanya hivi.,ha-(NEG)+tu-(1PL)+wezi+ku-fanya+hi-vi,[we] [cannot] to do this,modal_negation,2,,,,Back pass rolodex benchmark,"{""subject"":""1PL"",""tense"":""PRES"",""negation"":true,""root"":""weza"",""mood"":""a""}",hatuwezi
ENG-SW-157,EN_TO_SW,Did they find the keys?,Walipata funguo?,wa-li-pata+funguo,[they] [did] [get] keys,interrogative_past,1,,,,Back pass rolodex benchmark,"{""subject"":""3PL"",""tense"":""PAST"",""negation"":false,""root"":""pata"",""mood"":""a""}",walipata
ENG-SW-158,EN_TO_SW,I haven't seen him yet.,Sijamwona bado.,si-(1SG_NEG)+ja-(PERF_NEG)+m-(OBJ:C1)+ona+bado,[I] [not yet] [him] [see] yet,aspect_negation,2,,,,Back pass rolodex benchmark,"{""subject"":""1SG"",""tense"":""PERF"",""negation"":true,""object"":""m"",""root"":""ona"",""mood"":""a""}",sijamwona
ENG-SW-159,EN_TO_SW,Where did you put it?,Ulikieweka wapi?,u-li-ki-(OBJ:C7)+eweka+wapi,[you] [did] [it] [put] where,object_infix_placement,2,,,,Back pass rolodex benchmark,"{""subject"":""2SG"",""tense"":""PAST"",""negation"":false,""object"":""3SG_KI"",""root"":""weka"",""mood"":""a""}",ulikiweka
ENG-SW-160,EN_TO_SW,"Don't worry, brother.","Usijali, ndugu.",u-si-(SUBJ_NEG)+jali+ndugu,[you] [do not] [worry] brother,imperative_negation,1,,,,Back pass rolodex benchmark,"{""subject"":""2SG"",""tense"":""SUBJ"",""negation"":true,""root"":""jali"",""mood"":""e""}",usijali
ENG-SW-161,EN_TO_SW,"No, I did not.","Hapana, sikufanya.",hapana+si-(1SG_NEG)+ku-(PAST_NEG)+fanya,No [I] [did not] [do],rolodex_synthesis,1,,,,Back pass rolodex benchmark,"{""subject"":""1SG"",""tense"":""PAST"",""negation"":true,""root"":""fanya"",""mood"":""a""}",sikufanya
ENG-SW-162,EN_TO_SW,They will not answer you.,Hawatakujibu.,ha-(NEG)+wa-(3PL)+ta-(FUT)+ku-(OBJ:2SG)+jibu,[they] [will not] [you] [answer],rolodex_synthesis,1,,,,Back pass rolodex benchmark,"{""subject"":""3PL"",""tense"":""FUT"",""negation"":true,""object"":""2SG"",""root"":""jibu"",""mood"":""a""}",hawatakujibu
ENG-SW-163,EN_TO_SW,Have you eaten?,Umekula?,u-(2SG)+me-(PERF)+ku-(INF)+la,[you] [have] [eat]?,monosyllabic_verb,1,,,,Back pass rolodex benchmark,"{""subject"":""2SG"",""tense"":""PERF"",""negation"":false,""root"":""la"",""mood"":""a""}",umekula
ENG-SW-164,EN_TO_SW,The patient left early.,Mgonjwa alitoka mapema.,m-gonjwa+a-li-toka+mapema,patient [he/she] [did] [leave] early,subject_agreement,2,,,,Back pass rolodex benchmark,"{""subject"":""3SG"",""tense"":""PAST"",""negation"":false,""root"":""toka"",""mood"":""a""}",alitoka
ENG-SW-165,EN_TO_SW,I am coming back tomorrow.,Nitarejea kesho.,ni-ta-rejea+kesho,[I] [will] [return] tomorrow,future_tense,1,,,,Back pass rolodex benchmark,"{""subject"":""1SG"",""tense"":""FUT"",""negation"":false,""root"":""rejea"",""mood"":""a""}",nitarejea
ENG-SW-166,EN_TO_SW,We cannot do this.,Hatuwezi kufanya hivi.,ha-(NEG)+tu-(1PL)+wezi+ku-fanya+hi-vi,[we] [cannot] to do this,modal_negation,2,,,,Back pass rolodex benchmark,"{""subject"":""1PL"",""tense"":""PRES"",""negation"":true,""root"":""weza"",""mood"":""a""}",hatuwezi
ENG-SW-167,EN_TO_SW,Did they find the keys?,Walipata funguo?,wa-li-pata+funguo,[they] [did] [get] keys,interrogative_past,1,,,,Back pass rolodex benchmark,"{""subject"":""3PL"",""tense"":""PAST"",""negation"":false,""root"":""pata"",""mood"":""a""}",walipata
ENG-SW-168,EN_TO_SW,I haven't seen him yet.,Sijamwona bado.,si-(1SG_NEG)+ja-(PERF_NEG)+m-(OBJ:C1)+ona+bado,[I] [not yet] [him] [see] yet,aspect_negation,2,,,,Back pass rolodex benchmark,"{""subject"":""1SG"",""tense"":""PERF"",""negation"":true,""object"":""m"",""root"":""ona"",""mood"":""a""}",sijamwona
ENG-SW-169,EN_TO_SW,Where did you put it?,Ulikieweka wapi?,u-li-ki-(OBJ:C7)+eweka+wapi,[you] [did] [it] [put] where,object_infix_placement,2,,,,Back pass rolodex benchmark,"{""subject"":""2SG"",""tense"":""PAST"",""negation"":false,""object"":""3SG_KI"",""root"":""weka"",""mood"":""a""}",ulikiweka
ENG-SW-170,EN_TO_SW,"Don't worry, brother.","Usijali, ndugu.",u-si-(SUBJ_NEG)+jali+ndugu,[you] [do not] [worry] brother,imperative_negation,1,,,,Back pass rolodex benchmark,"{""subject"":""2SG"",""tense"":""SUBJ"",""negation"":true,""root"":""jali"",""mood"":""e""}",usijali
ENG-SW-171,EN_TO_SW,"No, I did not.","Hapana, sikufanya.",hapana+si-(1SG_NEG)+ku-(PAST_NEG)+fanya,No [I] [did not] [do],rolodex_synthesis,1,,,,Back pass rolodex benchmark,"{""subject"":""1SG"",""tense"":""PAST"",""negation"":true,""root"":""fanya"",""mood"":""a""}",sikufanya
ENG-SW-172,EN_TO_SW,They will not answer you.,Hawatakujibu.,ha-(NEG)+wa-(3PL)+ta-(FUT)+ku-(OBJ:2SG)+jibu,[they] [will not] [you] [answer],rolodex_synthesis,1,,,,Back pass rolodex benchmark,"{""subject"":""3PL"",""tense"":""FUT"",""negation"":true,""object"":""2SG"",""root"":""jibu"",""mood"":""a""}",hawatakujibu
ENG-SW-173,EN_TO_SW,Have you eaten?,Umekula?,u-(2SG)+me-(PERF)+ku-(INF)+la,[you] [have] [eat]?,monosyllabic_verb,1,,,,Back pass rolodex benchmark,"{""subject"":""2SG"",""tense"":""PERF"",""negation"":false,""root"":""la"",""mood"":""a""}",umekula
ENG-SW-174,EN_TO_SW,The patient left early.,Mgonjwa alitoka mapema.,m-gonjwa+a-li-toka+mapema,patient [he/she] [did] [leave] early,subject_agreement,2,,,,Back pass rolodex benchmark,"{""subject"":""3SG"",""tense"":""PAST"",""negation"":false,""root"":""toka"",""mood"":""a""}",alitoka
ENG-SW-175,EN_TO_SW,I am coming back tomorrow.,Nitarejea kesho.,ni-ta-rejea+kesho,[I] [will] [return] tomorrow,future_tense,1,,,,Back pass rolodex benchmark,"{""subject"":""1SG"",""tense"":""FUT"",""negation"":false,""root"":""rejea"",""mood"":""a""}",nitarejea
ENG-SW-176,EN_TO_SW,We cannot do this.,Hatuwezi kufanya hivi.,ha-(NEG)+tu-(1PL)+wezi+ku-fanya+hi-vi,[we] [cannot] to do this,modal_negation,2,,,,Back pass rolodex benchmark,"{""subject"":""1PL"",""tense"":""PRES"",""negation"":true,""root"":""weza"",""mood"":""a""}",hatuwezi
ENG-SW-177,EN_TO_SW,Did they find the keys?,Walipata funguo?,wa-li-pata+funguo,[they] [did] [get] keys,interrogative_past,1,,,,Back pass rolodex benchmark,"{""subject"":""3PL"",""tense"":""PAST"",""negation"":false,""root"":""pata"",""mood"":""a""}",walipata
ENG-SW-178,EN_TO_SW,I haven't seen him yet.,Sijamwona bado.,si-(1SG_NEG)+ja-(PERF_NEG)+m-(OBJ:C1)+ona+bado,[I] [not yet] [him] [see] yet,aspect_negation,2,,,,Back pass rolodex benchmark,"{""subject"":""1SG"",""tense"":""PERF"",""negation"":true,""object"":""m"",""root"":""ona"",""mood"":""a""}",sijamwona
ENG-SW-179,EN_TO_SW,Where did you put it?,Ulikieweka wapi?,u-li-ki-(OBJ:C7)+eweka+wapi,[you] [did] [it] [put] where,object_infix_placement,2,,,,Back pass rolodex benchmark,"{""subject"":""2SG"",""tense"":""PAST"",""negation"":false,""object"":""3SG_KI"",""root"":""weka"",""mood"":""a""}",ulikiweka
ENG-SW-180,EN_TO_SW,"Don't worry, brother.","Usijali, ndugu.",u-si-(SUBJ_NEG)+jali+ndugu,[you] [do not] [worry] brother,imperative_negation,1,,,,Back pass rolodex benchmark,"{""subject"":""2SG"",""tense"":""SUBJ"",""negation"":true,""root"":""jali"",""mood"":""e""}",usijali
ENG-SW-181,EN_TO_SW,"No, I did not.","Hapana, sikufanya.",hapana+si-(1SG_NEG)+ku-(PAST_NEG)+fanya,No [I] [did not] [do],rolodex_synthesis,1,,,,Back pass rolodex benchmark,"{""subject"":""1SG"",""tense"":""PAST"",""negation"":true,""root"":""fanya"",""mood"":""a""}",sikufanya
ENG-SW-182,EN_TO_SW,They will not answer you.,Hawatakujibu.,ha-(NEG)+wa-(3PL)+ta-(FUT)+ku-(OBJ:2SG)+jibu,[they] [will not] [you] [answer],rolodex_synthesis,1,,,,Back pass rolodex benchmark,"{""subject"":""3PL"",""tense"":""FUT"",""negation"":true,""object"":""2SG"",""root"":""jibu"",""mood"":""a""}",hawatakujibu
ENG-SW-183,EN_TO_SW,Have you eaten?,Umekula?,u-(2SG)+me-(PERF)+ku-(INF)+la,[you] [have] [eat]?,monosyllabic_verb,1,,,,Back pass rolodex benchmark,"{""subject"":""2SG"",""tense"":""PERF"",""negation"":false,""root"":""la"",""mood"":""a""}",umekula
ENG-SW-184,EN_TO_SW,The patient left early.,Mgonjwa alitoka mapema.,m-gonjwa+a-li-toka+mapema,patient [he/she] [did] [leave] early,subject_agreement,2,,,,Back pass rolodex benchmark,"{""subject"":""3SG"",""tense"":""PAST"",""negation"":false,""root"":""toka"",""mood"":""a""}",alitoka
ENG-SW-185,EN_TO_SW,I am coming back tomorrow.,Nitarejea kesho.,ni-ta-rejea+kesho,[I] [will] [return] tomorrow,future_tense,1,,,,Back pass rolodex benchmark,"{""subject"":""1SG"",""tense"":""FUT"",""negation"":false,""root"":""rejea"",""mood"":""a""}",nitarejea
ENG-SW-186,EN_TO_SW,We cannot do this.,Hatuwezi kufanya hivi.,ha-(NEG)+tu-(1PL)+wezi+ku-fanya+hi-vi,[we] [cannot] to do this,modal_negation,2,,,,Back pass rolodex benchmark,"{""subject"":""1PL"",""tense"":""PRES"",""negation"":true,""root"":""weza"",""mood"":""a""}",hatuwezi
ENG-SW-187,EN_TO_SW,Did they find the keys?,Walipata funguo?,wa-li-pata+funguo,[they] [did] [get] keys,interrogative_past,1,,,,Back pass rolodex benchmark,"{""subject"":""3PL"",""tense"":""PAST"",""negation"":false,""root"":""pata"",""mood"":""a""}",walipata
ENG-SW-188,EN_TO_SW,I haven't seen him yet.,Sijamwona bado.,si-(1SG_NEG)+ja-(PERF_NEG)+m-(OBJ:C1)+ona+bado,[I] [not yet] [him] [see] yet,aspect_negation,2,,,,Back pass rolodex benchmark,"{""subject"":""1SG"",""tense"":""PERF"",""negation"":true,""object"":""m"",""root"":""ona"",""mood"":""a""}",sijamwona
ENG-SW-189,EN_TO_SW,Where did you put it?,Ulikieweka wapi?,u-li-ki-(OBJ:C7)+eweka+wapi,[you] [did] [it] [put] where,object_infix_placement,2,,,,Back pass rolodex benchmark,"{""subject"":""2SG"",""tense"":""PAST"",""negation"":false,""object"":""3SG_KI"",""root"":""weka"",""mood"":""a""}",ulikiweka
ENG-SW-190,EN_TO_SW,"Don't worry, brother.","Usijali, ndugu.",u-si-(SUBJ_NEG)+jali+ndugu,[you] [do not] [worry] brother,imperative_negation,1,,,,Back pass rolodex benchmark,"{""subject"":""2SG"",""tense"":""SUBJ"",""negation"":true,""root"":""jali"",""mood"":""e""}",usijali
ENG-SW-191,EN_TO_SW,"No, I did not.","Hapana, sikufanya.",hapana+si-(1SG_NEG)+ku-(PAST_NEG)+fanya,No [I] [did not] [do],rolodex_synthesis,1,,,,Back pass rolodex benchmark,"{""subject"":""1SG"",""tense"":""PAST"",""negation"":true,""root"":""fanya"",""mood"":""a""}",sikufanya
ENG-SW-192,EN_TO_SW,They will not answer you.,Hawatakujibu.,ha-(NEG)+wa-(3PL)+ta-(FUT)+ku-(OBJ:2SG)+jibu,[they] [will not] [you] [answer],rolodex_synthesis,1,,,,Back pass rolodex benchmark,"{""subject"":""3PL"",""tense"":""FUT"",""negation"":true,""object"":""2SG"",""root"":""jibu"",""mood"":""a""}",hawatakujibu
ENG-SW-193,EN_TO_SW,Have you eaten?,Umekula?,u-(2SG)+me-(PERF)+ku-(INF)+la,[you] [have] [eat]?,monosyllabic_verb,1,,,,Back pass rolodex benchmark,"{""subject"":""2SG"",""tense"":""PERF"",""negation"":false,""root"":""la"",""mood"":""a""}",umekula
ENG-SW-194,EN_TO_SW,The patient left early.,Mgonjwa alitoka mapema.,m-gonjwa+a-li-toka+mapema,patient [he/she] [did] [leave] early,subject_agreement,2,,,,Back pass rolodex benchmark,"{""subject"":""3SG"",""tense"":""PAST"",""negation"":false,""root"":""toka"",""mood"":""a""}",alitoka
ENG-SW-195,EN_TO_SW,I am coming back tomorrow.,Nitarejea kesho.,ni-ta-rejea+kesho,[I] [will] [return] tomorrow,future_tense,1,,,,Back pass rolodex benchmark,"{""subject"":""1SG"",""tense"":""FUT"",""negation"":false,""root"":""rejea"",""mood"":""a""}",nitarejea
ENG-SW-196,EN_TO_SW,We cannot do this.,Hatuwezi kufanya hivi.,ha-(NEG)+tu-(1PL)+wezi+ku-fanya+hi-vi,[we] [cannot] to do this,modal_negation,2,,,,Back pass rolodex benchmark,"{""subject"":""1PL"",""tense"":""PRES"",""negation"":true,""root"":""weza"",""mood"":""a""}",hatuwezi
ENG-SW-197,EN_TO_SW,Did they find the keys?,Walipata funguo?,wa-li-pata+funguo,[they] [did] [get] keys,interrogative_past,1,,,,Back pass rolodex benchmark,"{""subject"":""3PL"",""tense"":""PAST"",""negation"":false,""root"":""pata"",""mood"":""a""}",walipata
ENG-SW-198,EN_TO_SW,I haven't seen him yet.,Sijamwona bado.,si-(1SG_NEG)+ja-(PERF_NEG)+m-(OBJ:C1)+ona+bado,[I] [not yet] [him] [see] yet,aspect_negation,2,,,,Back pass rolodex benchmark,"{""subject"":""1SG"",""tense"":""PERF"",""negation"":true,""object"":""m"",""root"":""ona"",""mood"":""a""}",sijamwona
ENG-SW-199,EN_TO_SW,Where did you put it?,Ulikieweka wapi?,u-li-ki-(OBJ:C7)+eweka+wapi,[you] [did] [it] [put] where,object_infix_placement,2,,,,Back pass rolodex benchmark,"{""subject"":""2SG"",""tense"":""PAST"",""negation"":false,""object"":""3SG_KI"",""root"":""weka"",""mood"":""a""}",ulikiweka
ENG-SW-200,EN_TO_SW,"Don't worry, brother.","Usijali, ndugu.",u-si-(SUBJ_NEG)+jali+ndugu,[you] [do not] [worry] brother,imperative_negation,1,,,,Back pass rolodex benchmark,"{""subject"":""2SG"",""tense"":""SUBJ"",""negation"":true,""root"":""jali"",""mood"":""e""}",usijali
ENG-SW-201,EN_TO_SW,"No, I did not.","Hapana, sikufanya.",hapana+si-(1SG_NEG)+ku-(PAST_NEG)+fanya,No [I] [did not] [do],rolodex_synthesis,1,,,,Back pass rolodex benchmark,"{""subject"":""1SG"",""tense"":""PAST"",""negation"":true,""root"":""fanya"",""mood"":""a""}",sikufanya
ENG-SW-202,EN_TO_SW,They will not answer you.,Hawatakujibu.,ha-(NEG)+wa-(3PL)+ta-(FUT)+ku-(OBJ:2SG)+jibu,[they] [will not] [you] [answer],rolodex_synthesis,1,,,,Back pass rolodex benchmark,"{""subject"":""3PL"",""tense"":""FUT"",""negation"":true,""object"":""2SG"",""root"":""jibu"",""mood"":""a""}",hawatakujibu
ENG-SW-203,EN_TO_SW,Have you eaten?,Umekula?,u-(2SG)+me-(PERF)+ku-(INF)+la,[you] [have] [eat]?,monosyllabic_verb,1,,,,Back pass rolodex benchmark,"{""subject"":""2SG"",""tense"":""PERF"",""negation"":false,""root"":""la"",""mood"":""a""}",umekula
ENG-SW-204,EN_TO_SW,The patient left early.,Mgonjwa alitoka mapema.,m-gonjwa+a-li-toka+mapema,patient [he/she] [did] [leave] early,subject_agreement,2,,,,Back pass rolodex benchmark,"{""subject"":""3SG"",""tense"":""PAST"",""negation"":false,""root"":""toka"",""mood"":""a""}",alitoka
ENG-SW-205,EN_TO_SW,I am coming back tomorrow.,Nitarejea kesho.,ni-ta-rejea+kesho,[I] [will] [return] tomorrow,future_tense,1,,,,Back pass rolodex benchmark,"{""subject"":""1SG"",""tense"":""FUT"",""negation"":false,""root"":""rejea"",""mood"":""a""}",nitarejea
ENG-SW-206,EN_TO_SW,We cannot do this.,Hatuwezi kufanya hivi.,ha-(NEG)+tu-(1PL)+wezi+ku-fanya+hi-vi,[we] [cannot] to do this,modal_negation,2,,,,Back pass rolodex benchmark,"{""subject"":""1PL"",""tense"":""PRES"",""negation"":true,""root"":""weza"",""mood"":""a""}",hatuwezi
ENG-SW-207,EN_TO_SW,Did they find the keys?,Walipata funguo?,wa-li-pata+funguo,[they] [did] [get] keys,interrogative_past,1,,,,Back pass rolodex benchmark,"{""subject"":""3PL"",""tense"":""PAST"",""negation"":false,""root"":""pata"",""mood"":""a""}",walipata
ENG-SW-208,EN_TO_SW,I haven't seen him yet.,Sijamwona bado.,si-(1SG_NEG)+ja-(PERF_NEG)+m-(OBJ:C1)+ona+bado,[I] [not yet] [him] [see] yet,aspect_negation,2,,,,Back pass rolodex benchmark,"{""subject"":""1SG"",""tense"":""PERF"",""negation"":true,""object"":""m"",""root"":""ona"",""mood"":""a""}",sijamwona
ENG-SW-209,EN_TO_SW,Where did you put it?,Ulikieweka wapi?,u-li-ki-(OBJ:C7)+eweka+wapi,[you] [did] [it] [put] where,object_infix_placement,2,,,,Back pass rolodex benchmark,"{""subject"":""2SG"",""tense"":""PAST"",""negation"":false,""object"":""3SG_KI"",""root"":""weka"",""mood"":""a""}",ulikiweka
ENG-SW-210,EN_TO_SW,"Don't worry, brother.","Usijali, ndugu.",u-si-(SUBJ_NEG)+jali+ndugu,[you] [do not] [worry] brother,imperative_negation,1,,,,Back pass rolodex benchmark,"{""subject"":""2SG"",""tense"":""SUBJ"",""negation"":true,""root"":""jali"",""mood"":""e""}",usijali
ENG-SW-211,EN_TO_SW,"No, I did not.","Hapana, sikufanya.",hapana+si-(1SG_NEG)+ku-(PAST_NEG)+fanya,No [I] [did not] [do],rolodex_synthesis,1,,,,Back pass rolodex benchmark,"{""subject"":""1SG"",""tense"":""PAST"",""negation"":true,""root"":""fanya"",""mood"":""a""}",sikufanya
ENG-SW-212,EN_TO_SW,They will not answer you.,Hawatakujibu.,ha-(NEG)+wa-(3PL)+ta-(FUT)+ku-(OBJ:2SG)+jibu,[they] [will not] [you] [answer],rolodex_synthesis,1,,,,Back pass rolodex benchmark,"{""subject"":""3PL"",""tense"":""FUT"",""negation"":true,""object"":""2SG"",""root"":""jibu"",""mood"":""a""}",hawatakujibu
ENG-SW-213,EN_TO_SW,Have you eaten?,Umekula?,u-(2SG)+me-(PERF)+ku-(INF)+la,[you] [have] [eat]?,monosyllabic_verb,1,,,,Back pass rolodex benchmark,"{""subject"":""2SG"",""tense"":""PERF"",""negation"":false,""root"":""la"",""mood"":""a""}",umekula
ENG-SW-214,EN_TO_SW,The patient left early.,Mgonjwa alitoka mapema.,m-gonjwa+a-li-toka+mapema,patient [he/she] [did] [leave] early,subject_agreement,2,,,,Back pass rolodex benchmark,"{""subject"":""3SG"",""tense"":""PAST"",""negation"":false,""root"":""toka"",""mood"":""a""}",alitoka
ENG-SW-215,EN_TO_SW,I am coming back tomorrow.,Nitarejea kesho.,ni-ta-rejea+kesho,[I] [will] [return] tomorrow,future_tense,1,,,,Back pass rolodex benchmark,"{""subject"":""1SG"",""tense"":""FUT"",""negation"":false,""root"":""rejea"",""mood"":""a""}",nitarejea
ENG-SW-216,EN_TO_SW,We cannot do this.,Hatuwezi kufanya hivi.,ha-(NEG)+tu-(1PL)+wezi+ku-fanya+hi-vi,[we] [cannot] to do this,modal_negation,2,,,,Back pass rolodex benchmark,"{""subject"":""1PL"",""tense"":""PRES"",""negation"":true,""root"":""weza"",""mood"":""a""}",hatuwezi
ENG-SW-217,EN_TO_SW,Did they find the keys?,Walipata funguo?,wa-li-pata+funguo,[they] [did] [get] keys,interrogative_past,1,,,,Back pass rolodex benchmark,"{""subject"":""3PL"",""tense"":""PAST"",""negation"":false,""root"":""pata"",""mood"":""a""}",walipata
ENG-SW-218,EN_TO_SW,I haven't seen him yet.,Sijamwona bado.,si-(1SG_NEG)+ja-(PERF_NEG)+m-(OBJ:C1)+ona+bado,[I] [not yet] [him] [see] yet,aspect_negation,2,,,,Back pass rolodex benchmark,"{""subject"":""1SG"",""tense"":""PERF"",""negation"":true,""object"":""m"",""root"":""ona"",""mood"":""a""}",sijamwona
ENG-SW-219,EN_TO_SW,Where did you put it?,Ulikieweka wapi?,u-li-ki-(OBJ:C7)+eweka+wapi,[you] [did] [it] [put] where,object_infix_placement,2,,,,Back pass rolodex benchmark,"{""subject"":""2SG"",""tense"":""PAST"",""negation"":false,""object"":""3SG_KI"",""root"":""weka"",""mood"":""a""}",ulikiweka
ENG-SW-220,EN_TO_SW,"Don't worry, brother.","Usijali, ndugu.",u-si-(SUBJ_NEG)+jali+ndugu,[you] [do not] [worry] brother,imperative_negation,1,,,,Back pass rolodex benchmark,"{""subject"":""2SG"",""tense"":""SUBJ"",""negation"":true,""root"":""jali"",""mood"":""e""}",usijali
ENG-SW-221,EN_TO_SW,"No, I did not.","Hapana, sikufanya.",hapana+si-(1SG_NEG)+ku-(PAST_NEG)+fanya,No [I] [did not] [do],rolodex_synthesis,1,,,,Back pass rolodex benchmark,"{""subject"":""1SG"",""tense"":""PAST"",""negation"":true,""root"":""fanya"",""mood"":""a""}",sikufanya
ENG-SW-222,EN_TO_SW,They will not answer you.,Hawatakujibu.,ha-(NEG)+wa-(3PL)+ta-(FUT)+ku-(OBJ:2SG)+jibu,[they] [will not] [you] [answer],rolodex_synthesis,1,,,,Back pass rolodex benchmark,"{""subject"":""3PL"",""tense"":""FUT"",""negation"":true,""object"":""2SG"",""root"":""jibu"",""mood"":""a""}",hawatakujibu
ENG-SW-223,EN_TO_SW,Have you eaten?,Umekula?,u-(2SG)+me-(PERF)+ku-(INF)+la,[you] [have] [eat]?,monosyllabic_verb,1,,,,Back pass rolodex benchmark,"{""subject"":""2SG"",""tense"":""PERF"",""negation"":false,""root"":""la"",""mood"":""a""}",umekula
ENG-SW-224,EN_TO_SW,The patient left early.,Mgonjwa alitoka mapema.,m-gonjwa+a-li-toka+mapema,patient [he/she] [did] [leave] early,subject_agreement,2,,,,Back pass rolodex benchmark,"{""subject"":""3SG"",""tense"":""PAST"",""negation"":false,""root"":""toka"",""mood"":""a""}",alitoka
ENG-SW-225,EN_TO_SW,I am coming back tomorrow.,Nitarejea kesho.,ni-ta-rejea+kesho,[I] [will] [return] tomorrow,future_tense,1,,,,Back pass rolodex benchmark,"{""subject"":""1SG"",""tense"":""FUT"",""negation"":false,""root"":""rejea"",""mood"":""a""}",nitarejea
ENG-SW-226,EN_TO_SW,We cannot do this.,Hatuwezi kufanya hivi.,ha-(NEG)+tu-(1PL)+wezi+ku-fanya+hi-vi,[we] [cannot] to do this,modal_negation,2,,,,Back pass rolodex benchmark,"{""subject"":""1PL"",""tense"":""PRES"",""negation"":true,""root"":""weza"",""mood"":""a""}",hatuwezi
ENG-SW-227,EN_TO_SW,Did they find the keys?,Walipata funguo?,wa-li-pata+funguo,[they] [did] [get] keys,interrogative_past,1,,,,Back pass rolodex benchmark,"{""subject"":""3PL"",""tense"":""PAST"",""negation"":false,""root"":""pata"",""mood"":""a""}",walipata
ENG-SW-228,EN_TO_SW,I haven't seen him yet.,Sijamwona bado.,si-(1SG_NEG)+ja-(PERF_NEG)+m-(OBJ:C1)+ona+bado,[I] [not yet] [him] [see] yet,aspect_negation,2,,,,Back pass rolodex benchmark,"{""subject"":""1SG"",""tense"":""PERF"",""negation"":true,""object"":""m"",""root"":""ona"",""mood"":""a""}",sijamwona
ENG-SW-229,EN_TO_SW,Where did you put it?,Ulikieweka wapi?,u-li-ki-(OBJ:C7)+eweka+wapi,[you] [did] [it] [put] where,object_infix_placement,2,,,,Back pass rolodex benchmark,"{""subject"":""2SG"",""tense"":""PAST"",""negation"":false,""object"":""3SG_KI"",""root"":""weka"",""mood"":""a""}",ulikiweka
ENG-SW-230,EN_TO_SW,"Don't worry, brother.","Usijali, ndugu.",u-si-(SUBJ_NEG)+jali+ndugu,[you] [do not] [worry] brother,imperative_negation,1,,,,Back pass rolodex benchmark,"{""subject"":""2SG"",""tense"":""SUBJ"",""negation"":true,""root"":""jali"",""mood"":""e""}",usijali
ENG-SW-231,EN_TO_SW,"No, I did not.","Hapana, sikufanya.",hapana+si-(1SG_NEG)+ku-(PAST_NEG)+fanya,No [I] [did not] [do],rolodex_synthesis,1,,,,Back pass rolodex benchmark,"{""subject"":""1SG"",""tense"":""PAST"",""negation"":true,""root"":""fanya"",""mood"":""a""}",sikufanya
ENG-SW-232,EN_TO_SW,They will not answer you.,Hawatakujibu.,ha-(NEG)+wa-(3PL)+ta-(FUT)+ku-(OBJ:2SG)+jibu,[they] [will not] [you] [answer],rolodex_synthesis,1,,,,Back pass rolodex benchmark,"{""subject"":""3PL"",""tense"":""FUT"",""negation"":true,""object"":""2SG"",""root"":""jibu"",""mood"":""a""}",hawatakujibu
ENG-SW-233,EN_TO_SW,Have you eaten?,Umekula?,u-(2SG)+me-(PERF)+ku-(INF)+la,[you] [have] [eat]?,monosyllabic_verb,1,,,,Back pass rolodex benchmark,"{""subject"":""2SG"",""tense"":""PERF"",""negation"":false,""root"":""la"",""mood"":""a""}",umekula
ENG-SW-234,EN_TO_SW,The patient left early.,Mgonjwa alitoka mapema.,m-gonjwa+a-li-toka+mapema,patient [he/she] [did] [leave] early,subject_agreement,2,,,,Back pass rolodex benchmark,"{""subject"":""3SG"",""tense"":""PAST"",""negation"":false,""root"":""toka"",""mood"":""a""}",alitoka
ENG-SW-235,EN_TO_SW,I am coming back tomorrow.,Nitarejea kesho.,ni-ta-rejea+kesho,[I] [will] [return] tomorrow,future_tense,1,,,,Back pass rolodex benchmark,"{""subject"":""1SG"",""tense"":""FUT"",""negation"":false,""root"":""rejea"",""mood"":""a""}",nitarejea
ENG-SW-236,EN_TO_SW,We cannot do this.,Hatuwezi kufanya hivi.,ha-(NEG)+tu-(1PL)+wezi+ku-fanya+hi-vi,[we] [cannot] to do this,modal_negation,2,,,,Back pass rolodex benchmark,"{""subject"":""1PL"",""tense"":""PRES"",""negation"":true,""root"":""weza"",""mood"":""a""}",hatuwezi
ENG-SW-237,EN_TO_SW,Did they find the keys?,Walipata funguo?,wa-li-pata+funguo,[they] [did] [get] keys,interrogative_past,1,,,,Back pass rolodex benchmark,"{""subject"":""3PL"",""tense"":""PAST"",""negation"":false,""root"":""pata"",""mood"":""a""}",walipata
ENG-SW-238,EN_TO_SW,I haven't seen him yet.,Sijamwona bado.,si-(1SG_NEG)+ja-(PERF_NEG)+m-(OBJ:C1)+ona+bado,[I] [not yet] [him] [see] yet,aspect_negation,2,,,,Back pass rolodex benchmark,"{""subject"":""1SG"",""tense"":""PERF"",""negation"":true,""object"":""m"",""root"":""ona"",""mood"":""a""}",sijamwona
ENG-SW-239,EN_TO_SW,Where did you put it?,Ulikieweka wapi?,u-li-ki-(OBJ:C7)+eweka+wapi,[you] [did] [it] [put] where,object_infix_placement,2,,,,Back pass rolodex benchmark,"{""subject"":""2SG"",""tense"":""PAST"",""negation"":false,""object"":""3SG_KI"",""root"":""weka"",""mood"":""a""}",ulikiweka
ENG-SW-240,EN_TO_SW,"Don't worry, brother.","Usijali, ndugu.",u-si-(SUBJ_NEG)+jali+ndugu,[you] [do not] [worry] brother,imperative_negation,1,,,,Back pass rolodex benchmark,"{""subject"":""2SG"",""tense"":""SUBJ"",""negation"":true,""root"":""jali"",""mood"":""e""}",usijali
ENG-SW-241,EN_TO_SW,"No, I did not.","Hapana, sikufanya.",hapana+si-(1SG_NEG)+ku-(PAST_NEG)+fanya,No [I] [did not] [do],rolodex_synthesis,1,,,,Back pass rolodex benchmark,"{""subject"":""1SG"",""tense"":""PAST"",""negation"":true,""root"":""fanya"",""mood"":""a""}",sikufanya
ENG-SW-242,EN_TO_SW,They will not answer you.,Hawatakujibu.,ha-(NEG)+wa-(3PL)+ta-(FUT)+ku-(OBJ:2SG)+jibu,[they] [will not] [you] [answer],rolodex_synthesis,1,,,,Back pass rolodex benchmark,"{""subject"":""3PL"",""tense"":""FUT"",""negation"":true,""object"":""2SG"",""root"":""jibu"",""mood"":""a""}",hawatakujibu
ENG-SW-243,EN_TO_SW,Have you eaten?,Umekula?,u-(2SG)+me-(PERF)+ku-(INF)+la,[you] [have] [eat]?,monosyllabic_verb,1,,,,Back pass rolodex benchmark,"{""subject"":""2SG"",""tense"":""PERF"",""negation"":false,""root"":""la"",""mood"":""a""}",umekula
ENG-SW-244,EN_TO_SW,The patient left early.,Mgonjwa alitoka mapema.,m-gonjwa+a-li-toka+mapema,patient [he/she] [did] [leave] early,subject_agreement,2,,,,Back pass rolodex benchmark,"{""subject"":""3SG"",""tense"":""PAST"",""negation"":false,""root"":""toka"",""mood"":""a""}",alitoka
ENG-SW-245,EN_TO_SW,I am coming back tomorrow.,Nitarejea kesho.,ni-ta-rejea+kesho,[I] [will] [return] tomorrow,future_tense,1,,,,Back pass rolodex benchmark,"{""subject"":""1SG"",""tense"":""FUT"",""negation"":false,""root"":""rejea"",""mood"":""a""}",nitarejea
ENG-SW-246,EN_TO_SW,We cannot do this.,Hatuwezi kufanya hivi.,ha-(NEG)+tu-(1PL)+wezi+ku-fanya+hi-vi,[we] [cannot] to do this,modal_negation,2,,,,Back pass rolodex benchmark,"{""subject"":""1PL"",""tense"":""PRES"",""negation"":true,""root"":""weza"",""mood"":""a""}",hatuwezi
ENG-SW-247,EN_TO_SW,Did they find the keys?,Walipata funguo?,wa-li-pata+funguo,[they] [did] [get] keys,interrogative_past,1,,,,Back pass rolodex benchmark,"{""subject"":""3PL"",""tense"":""PAST"",""negation"":false,""root"":""pata"",""mood"":""a""}",walipata
ENG-SW-248,EN_TO_SW,I haven't seen him yet.,Sijamwona bado.,si-(1SG_NEG)+ja-(PERF_NEG)+m-(OBJ:C1)+ona+bado,[I] [not yet] [him] [see] yet,aspect_negation,2,,,,Back pass rolodex benchmark,"{""subject"":""1SG"",""tense"":""PERF"",""negation"":true,""object"":""m"",""root"":""ona"",""mood"":""a""}",sijamwona
ENG-SW-249,EN_TO_SW,Where did you put it?,Ulikieweka wapi?,u-li-ki-(OBJ:C7)+eweka+wapi,[you] [did] [it] [put] where,object_infix_placement,2,,,,Back pass rolodex benchmark,"{""subject"":""2SG"",""tense"":""PAST"",""negation"":false,""object"":""3SG_KI"",""root"":""weka"",""mood"":""a""}",ulikiweka
ENG-SW-250,EN_TO_SW,"Don't worry, brother.","Usijali, ndugu.",u-si-(SUBJ_NEG)+jali+ndugu,[you] [do not] [worry] brother,imperative_negation,1,,,,Back pass rolodex benchmark,"{""subject"":""2SG"",""tense"":""SUBJ"",""negation"":true,""root"":""jali"",""mood"":""e""}",usijali
ENG-SW-251,EN_TO_SW,"No, I did not.","Hapana, sikufanya.",hapana+si-(1SG_NEG)+ku-(PAST_NEG)+fanya,No [I] [did not] [do],rolodex_synthesis,1,,,,Back pass rolodex benchmark,"{""subject"":""1SG"",""tense"":""PAST"",""negation"":true,""root"":""fanya"",""mood"":""a""}",sikufanya
ENG-SW-252,EN_TO_SW,They will not answer you.,Hawatakujibu.,ha-(NEG)+wa-(3PL)+ta-(FUT)+ku-(OBJ:2SG)+jibu,[they] [will not] [you] [answer],rolodex_synthesis,1,,,,Back pass rolodex benchmark,"{""subject"":""3PL"",""tense"":""FUT"",""negation"":true,""object"":""2SG"",""root"":""jibu"",""mood"":""a""}",hawatakujibu
ENG-SW-253,EN_TO_SW,Have you eaten?,Umekula?,u-(2SG)+me-(PERF)+ku-(INF)+la,[you] [have] [eat]?,monosyllabic_verb,1,,,,Back pass rolodex benchmark,"{""subject"":""2SG"",""tense"":""PERF"",""negation"":false,""root"":""la"",""mood"":""a""}",umekula
ENG-SW-254,EN_TO_SW,The patient left early.,Mgonjwa alitoka mapema.,m-gonjwa+a-li-toka+mapema,patient [he/she] [did] [leave] early,subject_agreement,2,,,,Back pass rolodex benchmark,"{""subject"":""3SG"",""tense"":""PAST"",""negation"":false,""root"":""toka"",""mood"":""a""}",alitoka
ENG-SW-255,EN_TO_SW,I am coming back tomorrow.,Nitarejea kesho.,ni-ta-rejea+kesho,[I] [will] [return] tomorrow,future_tense,1,,,,Back pass rolodex benchmark,"{""subject"":""1SG"",""tense"":""FUT"",""negation"":false,""root"":""rejea"",""mood"":""a""}",nitarejea
ENG-SW-256,EN_TO_SW,We cannot do this.,Hatuwezi kufanya hivi.,ha-(NEG)+tu-(1PL)+wezi+ku-fanya+hi-vi,[we] [cannot] to do this,modal_negation,2,,,,Back pass rolodex benchmark,"{""subject"":""1PL"",""tense"":""PRES"",""negation"":true,""root"":""weza"",""mood"":""a""}",hatuwezi
ENG-SW-257,EN_TO_SW,Did they find the keys?,Walipata funguo?,wa-li-pata+funguo,[they] [did] [get] keys,interrogative_past,1,,,,Back pass rolodex benchmark,"{""subject"":""3PL"",""tense"":""PAST"",""negation"":false,""root"":""pata"",""mood"":""a""}",walipata
ENG-SW-258,EN_TO_SW,I haven't seen him yet.,Sijamwona bado.,si-(1SG_NEG)+ja-(PERF_NEG)+m-(OBJ:C1)+ona+bado,[I] [not yet] [him] [see] yet,aspect_negation,2,,,,Back pass rolodex benchmark,"{""subject"":""1SG"",""tense"":""PERF"",""negation"":true,""object"":""m"",""root"":""ona"",""mood"":""a""}",sijamwona
ENG-SW-259,EN_TO_SW,Where did you put it?,Ulikieweka wapi?,u-li-ki-(OBJ:C7)+eweka+wapi,[you] [did] [it] [put] where,object_infix_placement,2,,,,Back pass rolodex benchmark,"{""subject"":""2SG"",""tense"":""PAST"",""negation"":false,""object"":""3SG_KI"",""root"":""weka"",""mood"":""a""}",ulikiweka
ENG-SW-260,EN_TO_SW,"Don't worry, brother.","Usijali, ndugu.",u-si-(SUBJ_NEG)+jali+ndugu,[you] [do not] [worry] brother,imperative_negation,1,,,,Back pass rolodex benchmark,"{""subject"":""2SG"",""tense"":""SUBJ"",""negation"":true,""root"":""jali"",""mood"":""e""}",usijali
ENG-SW-261,EN_TO_SW,"No, I did not.","Hapana, sikufanya.",hapana+si-(1SG_NEG)+ku-(PAST_NEG)+fanya,No [I] [did not] [do],rolodex_synthesis,1,,,,Back pass rolodex benchmark,"{""subject"":""1SG"",""tense"":""PAST"",""negation"":true,""root"":""fanya"",""mood"":""a""}",sikufanya
ENG-SW-262,EN_TO_SW,They will not answer you.,Hawatakujibu.,ha-(NEG)+wa-(3PL)+ta-(FUT)+ku-(OBJ:2SG)+jibu,[they] [will not] [you] [answer],rolodex_synthesis,1,,,,Back pass rolodex benchmark,"{""subject"":""3PL"",""tense"":""FUT"",""negation"":true,""object"":""2SG"",""root"":""jibu"",""mood"":""a""}",hawatakujibu
ENG-SW-263,EN_TO_SW,Have you eaten?,Umekula?,u-(2SG)+me-(PERF)+ku-(INF)+la,[you] [have] [eat]?,monosyllabic_verb,1,,,,Back pass rolodex benchmark,"{""subject"":""2SG"",""tense"":""PERF"",""negation"":false,""root"":""la"",""mood"":""a""}",umekula
ENG-SW-264,EN_TO_SW,The patient left early.,Mgonjwa alitoka mapema.,m-gonjwa+a-li-toka+mapema,patient [he/she] [did] [leave] early,subject_agreement,2,,,,Back pass rolodex benchmark,"{""subject"":""3SG"",""tense"":""PAST"",""negation"":false,""root"":""toka"",""mood"":""a""}",alitoka
ENG-SW-265,EN_TO_SW,I am coming back tomorrow.,Nitarejea kesho.,ni-ta-rejea+kesho,[I] [will] [return] tomorrow,future_tense,1,,,,Back pass rolodex benchmark,"{""subject"":""1SG"",""tense"":""FUT"",""negation"":false,""root"":""rejea"",""mood"":""a""}",nitarejea
ENG-SW-266,EN_TO_SW,We cannot do this.,Hatuwezi kufanya hivi.,ha-(NEG)+tu-(1PL)+wezi+ku-fanya+hi-vi,[we] [cannot] to do this,modal_negation,2,,,,Back pass rolodex benchmark,"{""subject"":""1PL"",""tense"":""PRES"",""negation"":true,""root"":""weza"",""mood"":""a""}",hatuwezi
ENG-SW-267,EN_TO_SW,Did they find the keys?,Walipata funguo?,wa-li-pata+funguo,[they] [did] [get] keys,interrogative_past,1,,,,Back pass rolodex benchmark,"{""subject"":""3PL"",""tense"":""PAST"",""negation"":false,""root"":""pata"",""mood"":""a""}",walipata
ENG-SW-268,EN_TO_SW,I haven't seen him yet.,Sijamwona bado.,si-(1SG_NEG)+ja-(PERF_NEG)+m-(OBJ:C1)+ona+bado,[I] [not yet] [him] [see] yet,aspect_negation,2,,,,Back pass rolodex benchmark,"{""subject"":""1SG"",""tense"":""PERF"",""negation"":true,""object"":""m"",""root"":""ona"",""mood"":""a""}",sijamwona
ENG-SW-269,EN_TO_SW,Where did you put it?,Ulikieweka wapi?,u-li-ki-(OBJ:C7)+eweka+wapi,[you] [did] [it] [put] where,object_infix_placement,2,,,,Back pass rolodex benchmark,"{""subject"":""2SG"",""tense"":""PAST"",""negation"":false,""object"":""3SG_KI"",""root"":""weka"",""mood"":""a""}",ulikiweka
ENG-SW-270,EN_TO_SW,"Don't worry, brother.","Usijali, ndugu.",u-si-(SUBJ_NEG)+jali+ndugu,[you] [do not] [worry] brother,imperative_negation,1,,,,Back pass rolodex benchmark,"{""subject"":""2SG"",""tense"":""SUBJ"",""negation"":true,""root"":""jali"",""mood"":""e""}",usijali
ENG-SW-271,EN_TO_SW,"No, I did not.","Hapana, sikufanya.",hapana+si-(1SG_NEG)+ku-(PAST_NEG)+fanya,No [I] [did not] [do],rolodex_synthesis,1,,,,Back pass rolodex benchmark,"{""subject"":""1SG"",""tense"":""PAST"",""negation"":true,""root"":""fanya"",""mood"":""a""}",sikufanya
ENG-SW-272,EN_TO_SW,They will not answer you.,Hawatakujibu.,ha-(NEG)+wa-(3PL)+ta-(FUT)+ku-(OBJ:2SG)+jibu,[they] [will not] [you] [answer],rolodex_synthesis,1,,,,Back pass rolodex benchmark,"{""subject"":""3PL"",""tense"":""FUT"",""negation"":true,""object"":""2SG"",""root"":""jibu"",""mood"":""a""}",hawatakujibu
ENG-SW-273,EN_TO_SW,Have you eaten?,Umekula?,u-(2SG)+me-(PERF)+ku-(INF)+la,[you] [have] [eat]?,monosyllabic_verb,1,,,,Back pass rolodex benchmark,"{""subject"":""2SG"",""tense"":""PERF"",""negation"":false,""root"":""la"",""mood"":""a""}",umekula
ENG-SW-274,EN_TO_SW,The patient left early.,Mgonjwa alitoka mapema.,m-gonjwa+a-li-toka+mapema,patient [he/she] [did] [leave] early,subject_agreement,2,,,,Back pass rolodex benchmark,"{""subject"":""3SG"",""tense"":""PAST"",""negation"":false,""root"":""toka"",""mood"":""a""}",alitoka
ENG-SW-275,EN_TO_SW,I am coming back tomorrow.,Nitarejea kesho.,ni-ta-rejea+kesho,[I] [will] [return] tomorrow,future_tense,1,,,,Back pass rolodex benchmark,"{""subject"":""1SG"",""tense"":""FUT"",""negation"":false,""root"":""rejea"",""mood"":""a""}",nitarejea
ENG-SW-276,EN_TO_SW,We cannot do this.,Hatuwezi kufanya hivi.,ha-(NEG)+tu-(1PL)+wezi+ku-fanya+hi-vi,[we] [cannot] to do this,modal_negation,2,,,,Back pass rolodex benchmark,"{""subject"":""1PL"",""tense"":""PRES"",""negation"":true,""root"":""weza"",""mood"":""a""}",hatuwezi
ENG-SW-277,EN_TO_SW,Did they find the keys?,Walipata funguo?,wa-li-pata+funguo,[they] [did] [get] keys,interrogative_past,1,,,,Back pass rolodex benchmark,"{""subject"":""3PL"",""tense"":""PAST"",""negation"":false,""root"":""pata"",""mood"":""a""}",walipata
ENG-SW-278,EN_TO_SW,I haven't seen him yet.,Sijamwona bado.,si-(1SG_NEG)+ja-(PERF_NEG)+m-(OBJ:C1)+ona+bado,[I] [not yet] [him] [see] yet,aspect_negation,2,,,,Back pass rolodex benchmark,"{""subject"":""1SG"",""tense"":""PERF"",""negation"":true,""object"":""m"",""root"":""ona"",""mood"":""a""}",sijamwona
ENG-SW-279,EN_TO_SW,Where did you put it?,Ulikieweka wapi?,u-li-ki-(OBJ:C7)+eweka+wapi,[you] [did] [it] [put] where,object_infix_placement,2,,,,Back pass rolodex benchmark,"{""subject"":""2SG"",""tense"":""PAST"",""negation"":false,""object"":""3SG_KI"",""root"":""weka"",""mood"":""a""}",ulikiweka
ENG-SW-280,EN_TO_SW,"Don't worry, brother.","Usijali, ndugu.",u-si-(SUBJ_NEG)+jali+ndugu,[you] [do not] [worry] brother,imperative_negation,1,,,,Back pass rolodex benchmark,"{""subject"":""2SG"",""tense"":""SUBJ"",""negation"":true,""root"":""jali"",""mood"":""e""}",usijali
ENG-SW-281,EN_TO_SW,"No, I did not.","Hapana, sikufanya.",hapana+si-(1SG_NEG)+ku-(PAST_NEG)+fanya,No [I] [did not] [do],rolodex_synthesis,1,,,,Back pass rolodex benchmark,"{""subject"":""1SG"",""tense"":""PAST"",""negation"":true,""root"":""fanya"",""mood"":""a""}",sikufanya
ENG-SW-282,EN_TO_SW,They will not answer you.,Hawatakujibu.,ha-(NEG)+wa-(3PL)+ta-(FUT)+ku-(OBJ:2SG)+jibu,[they] [will not] [you] [answer],rolodex_synthesis,1,,,,Back pass rolodex benchmark,"{""subject"":""3PL"",""tense"":""FUT"",""negation"":true,""object"":""2SG"",""root"":""jibu"",""mood"":""a""}",hawatakujibu
ENG-SW-283,EN_TO_SW,Have you eaten?,Umekula?,u-(2SG)+me-(PERF)+ku-(INF)+la,[you] [have] [eat]?,monosyllabic_verb,1,,,,Back pass rolodex benchmark,"{""subject"":""2SG"",""tense"":""PERF"",""negation"":false,""root"":""la"",""mood"":""a""}",umekula
ENG-SW-284,EN_TO_SW,The patient left early.,Mgonjwa alitoka mapema.,m-gonjwa+a-li-toka+mapema,patient [he/she] [did] [leave] early,subject_agreement,2,,,,Back pass rolodex benchmark,"{""subject"":""3SG"",""tense"":""PAST"",""negation"":false,""root"":""toka"",""mood"":""a""}",alitoka
ENG-SW-285,EN_TO_SW,I am coming back tomorrow.,Nitarejea kesho.,ni-ta-rejea+kesho,[I] [will] [return] tomorrow,future_tense,1,,,,Back pass rolodex benchmark,"{""subject"":""1SG"",""tense"":""FUT"",""negation"":false,""root"":""rejea"",""mood"":""a""}",nitarejea
ENG-SW-286,EN_TO_SW,We cannot do this.,Hatuwezi kufanya hivi.,ha-(NEG)+tu-(1PL)+wezi+ku-fanya+hi-vi,[we] [cannot] to do this,modal_negation,2,,,,Back pass rolodex benchmark,"{""subject"":""1PL"",""tense"":""PRES"",""negation"":true,""root"":""weza"",""mood"":""a""}",hatuwezi
ENG-SW-287,EN_TO_SW,Did they find the keys?,Walipata funguo?,wa-li-pata+funguo,[they] [did] [get] keys,interrogative_past,1,,,,Back pass rolodex benchmark,"{""subject"":""3PL"",""tense"":""PAST"",""negation"":false,""root"":""pata"",""mood"":""a""}",walipata
ENG-SW-288,EN_TO_SW,I haven't seen him yet.,Sijamwona bado.,si-(1SG_NEG)+ja-(PERF_NEG)+m-(OBJ:C1)+ona+bado,[I] [not yet] [him] [see] yet,aspect_negation,2,,,,Back pass rolodex benchmark,"{""subject"":""1SG"",""tense"":""PERF"",""negation"":true,""object"":""m"",""root"":""ona"",""mood"":""a""}",sijamwona
ENG-SW-289,EN_TO_SW,Where did you put it?,Ulikieweka wapi?,u-li-ki-(OBJ:C7)+eweka+wapi,[you] [did] [it] [put] where,object_infix_placement,2,,,,Back pass rolodex benchmark,"{""subject"":""2SG"",""tense"":""PAST"",""negation"":false,""object"":""3SG_KI"",""root"":""weka"",""mood"":""a""}",ulikiweka
ENG-SW-290,EN_TO_SW,"Don't worry, brother.","Usijali, ndugu.",u-si-(SUBJ_NEG)+jali+ndugu,[you] [do not] [worry] brother,imperative_negation,1,,,,Back pass rolodex benchmark,"{""subject"":""2SG"",""tense"":""SUBJ"",""negation"":true,""root"":""jali"",""mood"":""e""}",usijali
ENG-SW-291,EN_TO_SW,"No, I did not.","Hapana, sikufanya.",hapana+si-(1SG_NEG)+ku-(PAST_NEG)+fanya,No [I] [did not] [do],rolodex_synthesis,1,,,,Back pass rolodex benchmark,"{""subject"":""1SG"",""tense"":""PAST"",""negation"":true,""root"":""fanya"",""mood"":""a""}",sikufanya
ENG-SW-292,EN_TO_SW,They will not answer you.,Hawatakujibu.,ha-(NEG)+wa-(3PL)+ta-(FUT)+ku-(OBJ:2SG)+jibu,[they] [will not] [you] [answer],rolodex_synthesis,1,,,,Back pass rolodex benchmark,"{""subject"":""3PL"",""tense"":""FUT"",""negation"":true,""object"":""2SG"",""root"":""jibu"",""mood"":""a""}",hawatakujibu
ENG-SW-293,EN_TO_SW,Have you eaten?,Umekula?,u-(2SG)+me-(PERF)+ku-(INF)+la,[you] [have] [eat]?,monosyllabic_verb,1,,,,Back pass rolodex benchmark,"{""subject"":""2SG"",""tense"":""PERF"",""negation"":false,""root"":""la"",""mood"":""a""}",umekula
ENG-SW-294,EN_TO_SW,The patient left early.,Mgonjwa alitoka mapema.,m-gonjwa+a-li-toka+mapema,patient [he/she] [did] [leave] early,subject_agreement,2,,,,Back pass rolodex benchmark,"{""subject"":""3SG"",""tense"":""PAST"",""negation"":false,""root"":""toka"",""mood"":""a""}",alitoka
ENG-SW-295,EN_TO_SW,I am coming back tomorrow.,Nitarejea kesho.,ni-ta-rejea+kesho,[I] [will] [return] tomorrow,future_tense,1,,,,Back pass rolodex benchmark,"{""subject"":""1SG"",""tense"":""FUT"",""negation"":false,""root"":""rejea"",""mood"":""a""}",nitarejea
ENG-SW-296,EN_TO_SW,We cannot do this.,Hatuwezi kufanya hivi.,ha-(NEG)+tu-(1PL)+wezi+ku-fanya+hi-vi,[we] [cannot] to do this,modal_negation,2,,,,Back pass rolodex benchmark,"{""subject"":""1PL"",""tense"":""PRES"",""negation"":true,""root"":""weza"",""mood"":""a""}",hatuwezi
ENG-SW-297,EN_TO_SW,Did they find the keys?,Walipata funguo?,wa-li-pata+funguo,[they] [did] [get] keys,interrogative_past,1,,,,Back pass rolodex benchmark,"{""subject"":""3PL"",""tense"":""PAST"",""negation"":false,""root"":""pata"",""mood"":""a""}",walipata
ENG-SW-298,EN_TO_SW,I haven't seen him yet.,Sijamwona bado.,si-(1SG_NEG)+ja-(PERF_NEG)+m-(OBJ:C1)+ona+bado,[I] [not yet] [him] [see] yet,aspect_negation,2,,,,Back pass rolodex benchmark,"{""subject"":""1SG"",""tense"":""PERF"",""negation"":true,""object"":""m"",""root"":""ona"",""mood"":""a""}",sijamwona
ENG-SW-299,EN_TO_SW,Where did you put it?,Ulikieweka wapi?,u-li-ki-(OBJ:C7)+eweka+wapi,[you] [did] [it] [put] where,object_infix_placement,2,,,,Back pass rolodex benchmark,"{""subject"":""2SG"",""tense"":""PAST"",""negation"":false,""object"":""3SG_KI"",""root"":""weka"",""mood"":""a""}",ulikiweka
ENG-SW-300,EN_TO_SW,"Don't worry, brother.","Usijali, ndugu.",u-si-(SUBJ_NEG)+jali+ndugu,[you] [do not] [worry] brother,imperative_negation,1,,,,Back pass rolodex benchmark,"{""subject"":""2SG"",""tense"":""SUBJ"",""negation"":true,""root"":""jali"",""mood"":""e""}",usijali
ENG-SW-301,EN_TO_SW,"No, I did not.","Hapana, sikufanya.",hapana+si-(1SG_NEG)+ku-(PAST_NEG)+fanya,No [I] [did not] [do],rolodex_synthesis,1,,,,Back pass rolodex benchmark,"{""subject"":""1SG"",""tense"":""PAST"",""negation"":true,""root"":""fanya"",""mood"":""a""}",sikufanya
ENG-SW-302,EN_TO_SW,They will not answer you.,Hawatakujibu.,ha-(NEG)+wa-(3PL)+ta-(FUT)+ku-(OBJ:2SG)+jibu,[they] [will not] [you] [answer],rolodex_synthesis,1,,,,Back pass rolodex benchmark,"{""subject"":""3PL"",""tense"":""FUT"",""negation"":true,""object"":""2SG"",""root"":""jibu"",""mood"":""a""}",hawatakujibu
ENG-SW-303,EN_TO_SW,Have you eaten?,Umekula?,u-(2SG)+me-(PERF)+ku-(INF)+la,[you] [have] [eat]?,monosyllabic_verb,1,,,,Back pass rolodex benchmark,"{""subject"":""2SG"",""tense"":""PERF"",""negation"":false,""root"":""la"",""mood"":""a""}",umekula
ENG-SW-304,EN_TO_SW,The patient left early.,Mgonjwa alitoka mapema.,m-gonjwa+a-li-toka+mapema,patient [he/she] [did] [leave] early,subject_agreement,2,,,,Back pass rolodex benchmark,"{""subject"":""3SG"",""tense"":""PAST"",""negation"":false,""root"":""toka"",""mood"":""a""}",alitoka
ENG-SW-305,EN_TO_SW,I am coming back tomorrow.,Nitarejea kesho.,ni-ta-rejea+kesho,[I] [will] [return] tomorrow,future_tense,1,,,,Back pass rolodex benchmark,"{""subject"":""1SG"",""tense"":""FUT"",""negation"":false,""root"":""rejea"",""mood"":""a""}",nitarejea
ENG-SW-306,EN_TO_SW,We cannot do this.,Hatuwezi kufanya hivi.,ha-(NEG)+tu-(1PL)+wezi+ku-fanya+hi-vi,[we] [cannot] to do this,modal_negation,2,,,,Back pass rolodex benchmark,"{""subject"":""1PL"",""tense"":""PRES"",""negation"":true,""root"":""weza"",""mood"":""a""}",hatuwezi
ENG-SW-307,EN_TO_SW,Did they find the keys?,Walipata funguo?,wa-li-pata+funguo,[they] [did] [get] keys,interrogative_past,1,,,,Back pass rolodex benchmark,"{""subject"":""3PL"",""tense"":""PAST"",""negation"":false,""root"":""pata"",""mood"":""a""}",walipata
ENG-SW-308,EN_TO_SW,I haven't seen him yet.,Sijamwona bado.,si-(1SG_NEG)+ja-(PERF_NEG)+m-(OBJ:C1)+ona+bado,[I] [not yet] [him] [see] yet,aspect_negation,2,,,,Back pass rolodex benchmark,"{""subject"":""1SG"",""tense"":""PERF"",""negation"":true,""object"":""m"",""root"":""ona"",""mood"":""a""}",sijamwona
ENG-SW-309,EN_TO_SW,Where did you put it?,Ulikieweka wapi?,u-li-ki-(OBJ:C7)+eweka+wapi,[you] [did] [it] [put] where,object_infix_placement,2,,,,Back pass rolodex benchmark,"{""subject"":""2SG"",""tense"":""PAST"",""negation"":false,""object"":""3SG_KI"",""root"":""weka"",""mood"":""a""}",ulikiweka
ENG-SW-310,EN_TO_SW,"Don't worry, brother.","Usijali, ndugu.",u-si-(SUBJ_NEG)+jali+ndugu,[you] [do not] [worry] brother,imperative_negation,1,,,,Back pass rolodex benchmark,"{""subject"":""2SG"",""tense"":""SUBJ"",""negation"":true,""root"":""jali"",""mood"":""e""}",usijali
ENG-SW-311,EN_TO_SW,"No, I did not.","Hapana, sikufanya.",hapana+si-(1SG_NEG)+ku-(PAST_NEG)+fanya,No [I] [did not] [do],rolodex_synthesis,1,,,,Back pass rolodex benchmark,"{""subject"":""1SG"",""tense"":""PAST"",""negation"":true,""root"":""fanya"",""mood"":""a""}",sikufanya
ENG-SW-312,EN_TO_SW,They will not answer you.,Hawatakujibu.,ha-(NEG)+wa-(3PL)+ta-(FUT)+ku-(OBJ:2SG)+jibu,[they] [will not] [you] [answer],rolodex_synthesis,1,,,,Back pass rolodex benchmark,"{""subject"":""3PL"",""tense"":""FUT"",""negation"":true,""object"":""2SG"",""root"":""jibu"",""mood"":""a""}",hawatakujibu
ENG-SW-313,EN_TO_SW,Have you eaten?,Umekula?,u-(2SG)+me-(PERF)+ku-(INF)+la,[you] [have] [eat]?,monosyllabic_verb,1,,,,Back pass rolodex benchmark,"{""subject"":""2SG"",""tense"":""PERF"",""negation"":false,""root"":""la"",""mood"":""a""}",umekula
ENG-SW-314,EN_TO_SW,The patient left early.,Mgonjwa alitoka mapema.,m-gonjwa+a-li-toka+mapema,patient [he/she] [did] [leave] early,subject_agreement,2,,,,Back pass rolodex benchmark,"{""subject"":""3SG"",""tense"":""PAST"",""negation"":false,""root"":""toka"",""mood"":""a""}",alitoka
ENG-SW-315,EN_TO_SW,I am coming back tomorrow.,Nitarejea kesho.,ni-ta-rejea+kesho,[I] [will] [return] tomorrow,future_tense,1,,,,Back pass rolodex benchmark,"{""subject"":""1SG"",""tense"":""FUT"",""negation"":false,""root"":""rejea"",""mood"":""a""}",nitarejea
ENG-SW-316,EN_TO_SW,We cannot do this.,Hatuwezi kufanya hivi.,ha-(NEG)+tu-(1PL)+wezi+ku-fanya+hi-vi,[we] [cannot] to do this,modal_negation,2,,,,Back pass rolodex benchmark,"{""subject"":""1PL"",""tense"":""PRES"",""negation"":true,""root"":""weza"",""mood"":""a""}",hatuwezi
ENG-SW-317,EN_TO_SW,Did they find the keys?,Walipata funguo?,wa-li-pata+funguo,[they] [did] [get] keys,interrogative_past,1,,,,Back pass rolodex benchmark,"{""subject"":""3PL"",""tense"":""PAST"",""negation"":false,""root"":""pata"",""mood"":""a""}",walipata
ENG-SW-318,EN_TO_SW,I haven't seen him yet.,Sijamwona bado.,si-(1SG_NEG)+ja-(PERF_NEG)+m-(OBJ:C1)+ona+bado,[I] [not yet] [him] [see] yet,aspect_negation,2,,,,Back pass rolodex benchmark,"{""subject"":""1SG"",""tense"":""PERF"",""negation"":true,""object"":""m"",""root"":""ona"",""mood"":""a""}",sijamwona
ENG-SW-319,EN_TO_SW,Where did you put it?,Ulikieweka wapi?,u-li-ki-(OBJ:C7)+eweka+wapi,[you] [did] [it] [put] where,object_infix_placement,2,,,,Back pass rolodex benchmark,"{""subject"":""2SG"",""tense"":""PAST"",""negation"":false,""object"":""3SG_KI"",""root"":""weka"",""mood"":""a""}",ulikiweka
ENG-SW-320,EN_TO_SW,"Don't worry, brother.","Usijali, ndugu.",u-si-(SUBJ_NEG)+jali+ndugu,[you] [do not] [worry] brother,imperative_negation,1,,,,Back pass rolodex benchmark,"{""subject"":""2SG"",""tense"":""SUBJ"",""negation"":true,""root"":""jali"",""mood"":""e""}",usijali
ENG-SW-321,EN_TO_SW,"No, I did not.","Hapana, sikufanya.",hapana+si-(1SG_NEG)+ku-(PAST_NEG)+fanya,No [I] [did not] [do],rolodex_synthesis,1,,,,Back pass rolodex benchmark,"{""subject"":""1SG"",""tense"":""PAST"",""negation"":true,""root"":""fanya"",""mood"":""a""}",sikufanya
ENG-SW-322,EN_TO_SW,They will not answer you.,Hawatakujibu.,ha-(NEG)+wa-(3PL)+ta-(FUT)+ku-(OBJ:2SG)+jibu,[they] [will not] [you] [answer],rolodex_synthesis,1,,,,Back pass rolodex benchmark,"{""subject"":""3PL"",""tense"":""FUT"",""negation"":true,""object"":""2SG"",""root"":""jibu"",""mood"":""a""}",hawatakujibu
ENG-SW-323,EN_TO_SW,Have you eaten?,Umekula?,u-(2SG)+me-(PERF)+ku-(INF)+la,[you] [have] [eat]?,monosyllabic_verb,1,,,,Back pass rolodex benchmark,"{""subject"":""2SG"",""tense"":""PERF"",""negation"":false,""root"":""la"",""mood"":""a""}",umekula
ENG-SW-324,EN_TO_SW,The patient left early.,Mgonjwa alitoka mapema.,m-gonjwa+a-li-toka+mapema,patient [he/she] [did] [leave] early,subject_agreement,2,,,,Back pass rolodex benchmark,"{""subject"":""3SG"",""tense"":""PAST"",""negation"":false,""root"":""toka"",""mood"":""a""}",alitoka
ENG-SW-325,EN_TO_SW,I am coming back tomorrow.,Nitarejea kesho.,ni-ta-rejea+kesho,[I] [will] [return] tomorrow,future_tense,1,,,,Back pass rolodex benchmark,"{""subject"":""1SG"",""tense"":""FUT"",""negation"":false,""root"":""rejea"",""mood"":""a""}",nitarejea
ENG-SW-326,EN_TO_SW,We cannot do this.,Hatuwezi kufanya hivi.,ha-(NEG)+tu-(1PL)+wezi+ku-fanya+hi-vi,[we] [cannot] to do this,modal_negation,2,,,,Back pass rolodex benchmark,"{""subject"":""1PL"",""tense"":""PRES"",""negation"":true,""root"":""weza"",""mood"":""a""}",hatuwezi
ENG-SW-327,EN_TO_SW,Did they find the keys?,Walipata funguo?,wa-li-pata+funguo,[they] [did] [get] keys,interrogative_past,1,,,,Back pass rolodex benchmark,"{""subject"":""3PL"",""tense"":""PAST"",""negation"":false,""root"":""pata"",""mood"":""a""}",walipata
ENG-SW-328,EN_TO_SW,I haven't seen him yet.,Sijamwona bado.,si-(1SG_NEG)+ja-(PERF_NEG)+m-(OBJ:C1)+ona+bado,[I] [not yet] [him] [see] yet,aspect_negation,2,,,,Back pass rolodex benchmark,"{""subject"":""1SG"",""tense"":""PERF"",""negation"":true,""object"":""m"",""root"":""ona"",""mood"":""a""}",sijamwona
ENG-SW-329,EN_TO_SW,Where did you put it?,Ulikieweka wapi?,u-li-ki-(OBJ:C7)+eweka+wapi,[you] [did] [it] [put] where,object_infix_placement,2,,,,Back pass rolodex benchmark,"{""subject"":""2SG"",""tense"":""PAST"",""negation"":false,""object"":""3SG_KI"",""root"":""weka"",""mood"":""a""}",ulikiweka
ENG-SW-330,EN_TO_SW,"Don't worry, brother.","Usijali, ndugu.",u-si-(SUBJ_NEG)+jali+ndugu,[you] [do not] [worry] brother,imperative_negation,1,,,,Back pass rolodex benchmark,"{""subject"":""2SG"",""tense"":""SUBJ"",""negation"":true,""root"":""jali"",""mood"":""e""}",usijali
ENG-SW-331,EN_TO_SW,"No, I did not.","Hapana, sikufanya.",hapana+si-(1SG_NEG)+ku-(PAST_NEG)+fanya,No [I] [did not] [do],rolodex_synthesis,1,,,,Back pass rolodex benchmark,"{""subject"":""1SG"",""tense"":""PAST"",""negation"":true,""root"":""fanya"",""mood"":""a""}",sikufanya
ENG-SW-332,EN_TO_SW,They will not answer you.,Hawatakujibu.,ha-(NEG)+wa-(3PL)+ta-(FUT)+ku-(OBJ:2SG)+jibu,[they] [will not] [you] [answer],rolodex_synthesis,1,,,,Back pass rolodex benchmark,"{""subject"":""3PL"",""tense"":""FUT"",""negation"":true,""object"":""2SG"",""root"":""jibu"",""mood"":""a""}",hawatakujibu
ENG-SW-333,EN_TO_SW,Have you eaten?,Umekula?,u-(2SG)+me-(PERF)+ku-(INF)+la,[you] [have] [eat]?,monosyllabic_verb,1,,,,Back pass rolodex benchmark,"{""subject"":""2SG"",""tense"":""PERF"",""negation"":false,""root"":""la"",""mood"":""a""}",umekula
ENG-SW-334,EN_TO_SW,The patient left early.,Mgonjwa alitoka mapema.,m-gonjwa+a-li-toka+mapema,patient [he/she] [did] [leave] early,subject_agreement,2,,,,Back pass rolodex benchmark,"{""subject"":""3SG"",""tense"":""PAST"",""negation"":false,""root"":""toka"",""mood"":""a""}",alitoka
ENG-SW-335,EN_TO_SW,I am coming back tomorrow.,Nitarejea kesho.,ni-ta-rejea+kesho,[I] [will] [return] tomorrow,future_tense,1,,,,Back pass rolodex benchmark,"{""subject"":""1SG"",""tense"":""FUT"",""negation"":false,""root"":""rejea"",""mood"":""a""}",nitarejea
ENG-SW-336,EN_TO_SW,We cannot do this.,Hatuwezi kufanya hivi.,ha-(NEG)+tu-(1PL)+wezi+ku-fanya+hi-vi,[we] [cannot] to do this,modal_negation,2,,,,Back pass rolodex benchmark,"{""subject"":""1PL"",""tense"":""PRES"",""negation"":true,""root"":""weza"",""mood"":""a""}",hatuwezi
ENG-SW-337,EN_TO_SW,Did they find the keys?,Walipata funguo?,wa-li-pata+funguo,[they] [did] [get] keys,interrogative_past,1,,,,Back pass rolodex benchmark,"{""subject"":""3PL"",""tense"":""PAST"",""negation"":false,""root"":""pata"",""mood"":""a""}",walipata
ENG-SW-338,EN_TO_SW,I haven't seen him yet.,Sijamwona bado.,si-(1SG_NEG)+ja-(PERF_NEG)+m-(OBJ:C1)+ona+bado,[I] [not yet] [him] [see] yet,aspect_negation,2,,,,Back pass rolodex benchmark,"{""subject"":""1SG"",""tense"":""PERF"",""negation"":true,""object"":""m"",""root"":""ona"",""mood"":""a""}",sijamwona
ENG-SW-339,EN_TO_SW,Where did you put it?,Ulikieweka wapi?,u-li-ki-(OBJ:C7)+eweka+wapi,[you] [did] [it] [put] where,object_infix_placement,2,,,,Back pass rolodex benchmark,"{""subject"":""2SG"",""tense"":""PAST"",""negation"":false,""object"":""3SG_KI"",""root"":""weka"",""mood"":""a""}",ulikiweka
ENG-SW-340,EN_TO_SW,"Don't worry, brother.","Usijali, ndugu.",u-si-(SUBJ_NEG)+jali+ndugu,[you] [do not] [worry] brother,imperative_negation,1,,,,Back pass rolodex benchmark,"{""subject"":""2SG"",""tense"":""SUBJ"",""negation"":true,""root"":""jali"",""mood"":""e""}",usijali
ENG-SW-341,EN_TO_SW,"No, I did not.","Hapana, sikufanya.",hapana+si-(1SG_NEG)+ku-(PAST_NEG)+fanya,No [I] [did not] [do],rolodex_synthesis,1,,,,Back pass rolodex benchmark,"{""subject"":""1SG"",""tense"":""PAST"",""negation"":true,""root"":""fanya"",""mood"":""a""}",sikufanya
ENG-SW-342,EN_TO_SW,They will not answer you.,Hawatakujibu.,ha-(NEG)+wa-(3PL)+ta-(FUT)+ku-(OBJ:2SG)+jibu,[they] [will not] [you] [answer],rolodex_synthesis,1,,,,Back pass rolodex benchmark,"{""subject"":""3PL"",""tense"":""FUT"",""negation"":true,""object"":""2SG"",""root"":""jibu"",""mood"":""a""}",hawatakujibu
ENG-SW-343,EN_TO_SW,Have you eaten?,Umekula?,u-(2SG)+me-(PERF)+ku-(INF)+la,[you] [have] [eat]?,monosyllabic_verb,1,,,,Back pass rolodex benchmark,"{""subject"":""2SG"",""tense"":""PERF"",""negation"":false,""root"":""la"",""mood"":""a""}",umekula
ENG-SW-344,EN_TO_SW,The patient left early.,Mgonjwa alitoka mapema.,m-gonjwa+a-li-toka+mapema,patient [he/she] [did] [leave] early,subject_agreement,2,,,,Back pass rolodex benchmark,"{""subject"":""3SG"",""tense"":""PAST"",""negation"":false,""root"":""toka"",""mood"":""a""}",alitoka
ENG-SW-345,EN_TO_SW,I am coming back tomorrow.,Nitarejea kesho.,ni-ta-rejea+kesho,[I] [will] [return] tomorrow,future_tense,1,,,,Back pass rolodex benchmark,"{""subject"":""1SG"",""tense"":""FUT"",""negation"":false,""root"":""rejea"",""mood"":""a""}",nitarejea
ENG-SW-346,EN_TO_SW,We cannot do this.,Hatuwezi kufanya hivi.,ha-(NEG)+tu-(1PL)+wezi+ku-fanya+hi-vi,[we] [cannot] to do this,modal_negation,2,,,,Back pass rolodex benchmark,"{""subject"":""1PL"",""tense"":""PRES"",""negation"":true,""root"":""weza"",""mood"":""a""}",hatuwezi
ENG-SW-347,EN_TO_SW,Did they find the keys?,Walipata funguo?,wa-li-pata+funguo,[they] [did] [get] keys,interrogative_past,1,,,,Back pass rolodex benchmark,"{""subject"":""3PL"",""tense"":""PAST"",""negation"":false,""root"":""pata"",""mood"":""a""}",walipata
ENG-SW-348,EN_TO_SW,I haven't seen him yet.,Sijamwona bado.,si-(1SG_NEG)+ja-(PERF_NEG)+m-(OBJ:C1)+ona+bado,[I] [not yet] [him] [see] yet,aspect_negation,2,,,,Back pass rolodex benchmark,"{""subject"":""1SG"",""tense"":""PERF"",""negation"":true,""object"":""m"",""root"":""ona"",""mood"":""a""}",sijamwona
ENG-SW-349,EN_TO_SW,Where did you put it?,Ulikieweka wapi?,u-li-ki-(OBJ:C7)+eweka+wapi,[you] [did] [it] [put] where,object_infix_placement,2,,,,Back pass rolodex benchmark,"{""subject"":""2SG"",""tense"":""PAST"",""negation"":false,""object"":""3SG_KI"",""root"":""weka"",""mood"":""a""}",ulikiweka
ENG-SW-350,EN_TO_SW,"Don't worry, brother.","Usijali, ndugu.",u-si-(SUBJ_NEG)+jali+ndugu,[you] [do not] [worry] brother,imperative_negation,1,,,,Back pass rolodex benchmark,"{""subject"":""2SG"",""tense"":""SUBJ"",""negation"":true,""root"":""jali"",""mood"":""e""}",usijali
ENG-SW-351,EN_TO_SW,"No, I did not.","Hapana, sikufanya.",hapana+si-(1SG_NEG)+ku-(PAST_NEG)+fanya,No [I] [did not] [do],rolodex_synthesis,1,,,,Back pass rolodex benchmark,"{""subject"":""1SG"",""tense"":""PAST"",""negation"":true,""root"":""fanya"",""mood"":""a""}",sikufanya
ENG-SW-352,EN_TO_SW,They will not answer you.,Hawatakujibu.,ha-(NEG)+wa-(3PL)+ta-(FUT)+ku-(OBJ:2SG)+jibu,[they] [will not] [you] [answer],rolodex_synthesis,1,,,,Back pass rolodex benchmark,"{""subject"":""3PL"",""tense"":""FUT"",""negation"":true,""object"":""2SG"",""root"":""jibu"",""mood"":""a""}",hawatakujibu
ENG-SW-353,EN_TO_SW,Have you eaten?,Umekula?,u-(2SG)+me-(PERF)+ku-(INF)+la,[you] [have] [eat]?,monosyllabic_verb,1,,,,Back pass rolodex benchmark,"{""subject"":""2SG"",""tense"":""PERF"",""negation"":false,""root"":""la"",""mood"":""a""}",umekula
ENG-SW-354,EN_TO_SW,The patient left early.,Mgonjwa alitoka mapema.,m-gonjwa+a-li-toka+mapema,patient [he/she] [did] [leave] early,subject_agreement,2,,,,Back pass rolodex benchmark,"{""subject"":""3SG"",""tense"":""PAST"",""negation"":false,""root"":""toka"",""mood"":""a""}",alitoka
ENG-SW-355,EN_TO_SW,I am coming back tomorrow.,Nitarejea kesho.,ni-ta-rejea+kesho,[I] [will] [return] tomorrow,future_tense,1,,,,Back pass rolodex benchmark,"{""subject"":""1SG"",""tense"":""FUT"",""negation"":false,""root"":""rejea"",""mood"":""a""}",nitarejea
ENG-SW-356,EN_TO_SW,We cannot do this.,Hatuwezi kufanya hivi.,ha-(NEG)+tu-(1PL)+wezi+ku-fanya+hi-vi,[we] [cannot] to do this,modal_negation,2,,,,Back pass rolodex benchmark,"{""subject"":""1PL"",""tense"":""PRES"",""negation"":true,""root"":""weza"",""mood"":""a""}",hatuwezi
ENG-SW-357,EN_TO_SW,Did they find the keys?,Walipata funguo?,wa-li-pata+funguo,[they] [did] [get] keys,interrogative_past,1,,,,Back pass rolodex benchmark,"{""subject"":""3PL"",""tense"":""PAST"",""negation"":false,""root"":""pata"",""mood"":""a""}",walipata
ENG-SW-358,EN_TO_SW,I haven't seen him yet.,Sijamwona bado.,si-(1SG_NEG)+ja-(PERF_NEG)+m-(OBJ:C1)+ona+bado,[I] [not yet] [him] [see] yet,aspect_negation,2,,,,Back pass rolodex benchmark,"{""subject"":""1SG"",""tense"":""PERF"",""negation"":true,""object"":""m"",""root"":""ona"",""mood"":""a""}",sijamwona
ENG-SW-359,EN_TO_SW,Where did you put it?,Ulikieweka wapi?,u-li-ki-(OBJ:C7)+eweka+wapi,[you] [did] [it] [put] where,object_infix_placement,2,,,,Back pass rolodex benchmark,"{""subject"":""2SG"",""tense"":""PAST"",""negation"":false,""object"":""3SG_KI"",""root"":""weka"",""mood"":""a""}",ulikiweka
ENG-SW-360,EN_TO_SW,"Don't worry, brother.","Usijali, ndugu.",u-si-(SUBJ_NEG)+jali+ndugu,[you] [do not] [worry] brother,imperative_negation,1,,,,Back pass rolodex benchmark,"{""subject"":""2SG"",""tense"":""SUBJ"",""negation"":true,""root"":""jali"",""mood"":""e""}",usijali
ENG-SW-361,EN_TO_SW,"No, I did not.","Hapana, sikufanya.",hapana+si-(1SG_NEG)+ku-(PAST_NEG)+fanya,No [I] [did not] [do],rolodex_synthesis,1,,,,Back pass rolodex benchmark,"{""subject"":""1SG"",""tense"":""PAST"",""negation"":true,""root"":""fanya"",""mood"":""a""}",sikufanya
ENG-SW-362,EN_TO_SW,They will not answer you.,Hawatakujibu.,ha-(NEG)+wa-(3PL)+ta-(FUT)+ku-(OBJ:2SG)+jibu,[they] [will not] [you] [answer],rolodex_synthesis,1,,,,Back pass rolodex benchmark,"{""subject"":""3PL"",""tense"":""FUT"",""negation"":true,""object"":""2SG"",""root"":""jibu"",""mood"":""a""}",hawatakujibu
ENG-SW-363,EN_TO_SW,Have you eaten?,Umekula?,u-(2SG)+me-(PERF)+ku-(INF)+la,[you] [have] [eat]?,monosyllabic_verb,1,,,,Back pass rolodex benchmark,"{""subject"":""2SG"",""tense"":""PERF"",""negation"":false,""root"":""la"",""mood"":""a""}",umekula
ENG-SW-364,EN_TO_SW,The patient left early.,Mgonjwa alitoka mapema.,m-gonjwa+a-li-toka+mapema,patient [he/she] [did] [leave] early,subject_agreement,2,,,,Back pass rolodex benchmark,"{""subject"":""3SG"",""tense"":""PAST"",""negation"":false,""root"":""toka"",""mood"":""a""}",alitoka
ENG-SW-365,EN_TO_SW,I am coming back tomorrow.,Nitarejea kesho.,ni-ta-rejea+kesho,[I] [will] [return] tomorrow,future_tense,1,,,,Back pass rolodex benchmark,"{""subject"":""1SG"",""tense"":""FUT"",""negation"":false,""root"":""rejea"",""mood"":""a""}",nitarejea
ENG-SW-366,EN_TO_SW,We cannot do this.,Hatuwezi kufanya hivi.,ha-(NEG)+tu-(1PL)+wezi+ku-fanya+hi-vi,[we] [cannot] to do this,modal_negation,2,,,,Back pass rolodex benchmark,"{""subject"":""1PL"",""tense"":""PRES"",""negation"":true,""root"":""weza"",""mood"":""a""}",hatuwezi
ENG-SW-367,EN_TO_SW,Did they find the keys?,Walipata funguo?,wa-li-pata+funguo,[they] [did] [get] keys,interrogative_past,1,,,,Back pass rolodex benchmark,"{""subject"":""3PL"",""tense"":""PAST"",""negation"":false,""root"":""pata"",""mood"":""a""}",walipata
ENG-SW-368,EN_TO_SW,I haven't seen him yet.,Sijamwona bado.,si-(1SG_NEG)+ja-(PERF_NEG)+m-(OBJ:C1)+ona+bado,[I] [not yet] [him] [see] yet,aspect_negation,2,,,,Back pass rolodex benchmark,"{""subject"":""1SG"",""tense"":""PERF"",""negation"":true,""object"":""m"",""root"":""ona"",""mood"":""a""}",sijamwona
ENG-SW-369,EN_TO_SW,Where did you put it?,Ulikieweka wapi?,u-li-ki-(OBJ:C7)+eweka+wapi,[you] [did] [it] [put] where,object_infix_placement,2,,,,Back pass rolodex benchmark,"{""subject"":""2SG"",""tense"":""PAST"",""negation"":false,""object"":""3SG_KI"",""root"":""weka"",""mood"":""a""}",ulikiweka
ENG-SW-370,EN_TO_SW,"Don't worry, brother.","Usijali, ndugu.",u-si-(SUBJ_NEG)+jali+ndugu,[you] [do not] [worry] brother,imperative_negation,1,,,,Back pass rolodex benchmark,"{""subject"":""2SG"",""tense"":""SUBJ"",""negation"":true,""root"":""jali"",""mood"":""e""}",usijali
ENG-SW-371,EN_TO_SW,"No, I did not.","Hapana, sikufanya.",hapana+si-(1SG_NEG)+ku-(PAST_NEG)+fanya,No [I] [did not] [do],rolodex_synthesis,1,,,,Back pass rolodex benchmark,"{""subject"":""1SG"",""tense"":""PAST"",""negation"":true,""root"":""fanya"",""mood"":""a""}",sikufanya
ENG-SW-372,EN_TO_SW,They will not answer you.,Hawatakujibu.,ha-(NEG)+wa-(3PL)+ta-(FUT)+ku-(OBJ:2SG)+jibu,[they] [will not] [you] [answer],rolodex_synthesis,1,,,,Back pass rolodex benchmark,"{""subject"":""3PL"",""tense"":""FUT"",""negation"":true,""object"":""2SG"",""root"":""jibu"",""mood"":""a""}",hawatakujibu
ENG-SW-373,EN_TO_SW,Have you eaten?,Umekula?,u-(2SG)+me-(PERF)+ku-(INF)+la,[you] [have] [eat]?,monosyllabic_verb,1,,,,Back pass rolodex benchmark,"{""subject"":""2SG"",""tense"":""PERF"",""negation"":false,""root"":""la"",""mood"":""a""}",umekula
ENG-SW-374,EN_TO_SW,The patient left early.,Mgonjwa alitoka mapema.,m-gonjwa+a-li-toka+mapema,patient [he/she] [did] [leave] early,subject_agreement,2,,,,Back pass rolodex benchmark,"{""subject"":""3SG"",""tense"":""PAST"",""negation"":false,""root"":""toka"",""mood"":""a""}",alitoka
ENG-SW-375,EN_TO_SW,I am coming back tomorrow.,Nitarejea kesho.,ni-ta-rejea+kesho,[I] [will] [return] tomorrow,future_tense,1,,,,Back pass rolodex benchmark,"{""subject"":""1SG"",""tense"":""FUT"",""negation"":false,""root"":""rejea"",""mood"":""a""}",nitarejea
ENG-SW-376,EN_TO_SW,We cannot do this.,Hatuwezi kufanya hivi.,ha-(NEG)+tu-(1PL)+wezi+ku-fanya+hi-vi,[we] [cannot] to do this,modal_negation,2,,,,Back pass rolodex benchmark,"{""subject"":""1PL"",""tense"":""PRES"",""negation"":true,""root"":""weza"",""mood"":""a""}",hatuwezi
ENG-SW-377,EN_TO_SW,Did they find the keys?,Walipata funguo?,wa-li-pata+funguo,[they] [did] [get] keys,interrogative_past,1,,,,Back pass rolodex benchmark,"{""subject"":""3PL"",""tense"":""PAST"",""negation"":false,""root"":""pata"",""mood"":""a""}",walipata
ENG-SW-378,EN_TO_SW,I haven't seen him yet.,Sijamwona bado.,si-(1SG_NEG)+ja-(PERF_NEG)+m-(OBJ:C1)+ona+bado,[I] [not yet] [him] [see] yet,aspect_negation,2,,,,Back pass rolodex benchmark,"{""subject"":""1SG"",""tense"":""PERF"",""negation"":true,""object"":""m"",""root"":""ona"",""mood"":""a""}",sijamwona
ENG-SW-379,EN_TO_SW,Where did you put it?,Ulikieweka wapi?,u-li-ki-(OBJ:C7)+eweka+wapi,[you] [did] [it] [put] where,object_infix_placement,2,,,,Back pass rolodex benchmark,"{""subject"":""2SG"",""tense"":""PAST"",""negation"":false,""object"":""3SG_KI"",""root"":""weka"",""mood"":""a""}",ulikiweka
ENG-SW-380,EN_TO_SW,"Don't worry, brother.","Usijali, ndugu.",u-si-(SUBJ_NEG)+jali+ndugu,[you] [do not] [worry] brother,imperative_negation,1,,,,Back pass rolodex benchmark,"{""subject"":""2SG"",""tense"":""SUBJ"",""negation"":true,""root"":""jali"",""mood"":""e""}",usijali
ENG-SW-381,EN_TO_SW,"No, I did not.","Hapana, sikufanya.",hapana+si-(1SG_NEG)+ku-(PAST_NEG)+fanya,No [I] [did not] [do],rolodex_synthesis,1,,,,Back pass rolodex benchmark,"{""subject"":""1SG"",""tense"":""PAST"",""negation"":true,""root"":""fanya"",""mood"":""a""}",sikufanya
ENG-SW-382,EN_TO_SW,They will not answer you.,Hawatakujibu.,ha-(NEG)+wa-(3PL)+ta-(FUT)+ku-(OBJ:2SG)+jibu,[they] [will not] [you] [answer],rolodex_synthesis,1,,,,Back pass rolodex benchmark,"{""subject"":""3PL"",""tense"":""FUT"",""negation"":true,""object"":""2SG"",""root"":""jibu"",""mood"":""a""}",hawatakujibu
ENG-SW-383,EN_TO_SW,Have you eaten?,Umekula?,u-(2SG)+me-(PERF)+ku-(INF)+la,[you] [have] [eat]?,monosyllabic_verb,1,,,,Back pass rolodex benchmark,"{""subject"":""2SG"",""tense"":""PERF"",""negation"":false,""root"":""la"",""mood"":""a""}",umekula
ENG-SW-384,EN_TO_SW,The patient left early.,Mgonjwa alitoka mapema.,m-gonjwa+a-li-toka+mapema,patient [he/she] [did] [leave] early,subject_agreement,2,,,,Back pass rolodex benchmark,"{""subject"":""3SG"",""tense"":""PAST"",""negation"":false,""root"":""toka"",""mood"":""a""}",alitoka
ENG-SW-385,EN_TO_SW,I am coming back tomorrow.,Nitarejea kesho.,ni-ta-rejea+kesho,[I] [will] [return] tomorrow,future_tense,1,,,,Back pass rolodex benchmark,"{""subject"":""1SG"",""tense"":""FUT"",""negation"":false,""root"":""rejea"",""mood"":""a""}",nitarejea
ENG-SW-386,EN_TO_SW,We cannot do this.,Hatuwezi kufanya hivi.,ha-(NEG)+tu-(1PL)+wezi+ku-fanya+hi-vi,[we] [cannot] to do this,modal_negation,2,,,,Back pass rolodex benchmark,"{""subject"":""1PL"",""tense"":""PRES"",""negation"":true,""root"":""weza"",""mood"":""a""}",hatuwezi
ENG-SW-387,EN_TO_SW,Did they find the keys?,Walipata funguo?,wa-li-pata+funguo,[they] [did] [get] keys,interrogative_past,1,,,,Back pass rolodex benchmark,"{""subject"":""3PL"",""tense"":""PAST"",""negation"":false,""root"":""pata"",""mood"":""a""}",walipata
ENG-SW-388,EN_TO_SW,I haven't seen him yet.,Sijamwona bado.,si-(1SG_NEG)+ja-(PERF_NEG)+m-(OBJ:C1)+ona+bado,[I] [not yet] [him] [see] yet,aspect_negation,2,,,,Back pass rolodex benchmark,"{""subject"":""1SG"",""tense"":""PERF"",""negation"":true,""object"":""m"",""root"":""ona"",""mood"":""a""}",sijamwona
ENG-SW-389,EN_TO_SW,Where did you put it?,Ulikieweka wapi?,u-li-ki-(OBJ:C7)+eweka+wapi,[you] [did] [it] [put] where,object_infix_placement,2,,,,Back pass rolodex benchmark,"{""subject"":""2SG"",""tense"":""PAST"",""negation"":false,""object"":""3SG_KI"",""root"":""weka"",""mood"":""a""}",ulikiweka
ENG-SW-390,EN_TO_SW,"Don't worry, brother.","Usijali, ndugu.",u-si-(SUBJ_NEG)+jali+ndugu,[you] [do not] [worry] brother,imperative_negation,1,,,,Back pass rolodex benchmark,"{""subject"":""2SG"",""tense"":""SUBJ"",""negation"":true,""root"":""jali"",""mood"":""e""}",usijali
ENG-SW-391,EN_TO_SW,"No, I did not.","Hapana, sikufanya.",hapana+si-(1SG_NEG)+ku-(PAST_NEG)+fanya,No [I] [did not] [do],rolodex_synthesis,1,,,,Back pass rolodex benchmark,"{""subject"":""1SG"",""tense"":""PAST"",""negation"":true,""root"":""fanya"",""mood"":""a""}",sikufanya
ENG-SW-392,EN_TO_SW,They will not answer you.,Hawatakujibu.,ha-(NEG)+wa-(3PL)+ta-(FUT)+ku-(OBJ:2SG)+jibu,[they] [will not] [you] [answer],rolodex_synthesis,1,,,,Back pass rolodex benchmark,"{""subject"":""3PL"",""tense"":""FUT"",""negation"":true,""object"":""2SG"",""root"":""jibu"",""mood"":""a""}",hawatakujibu
ENG-SW-393,EN_TO_SW,Have you eaten?,Umekula?,u-(2SG)+me-(PERF)+ku-(INF)+la,[you] [have] [eat]?,monosyllabic_verb,1,,,,Back pass rolodex benchmark,"{""subject"":""2SG"",""tense"":""PERF"",""negation"":false,""root"":""la"",""mood"":""a""}",umekula
ENG-SW-394,EN_TO_SW,The patient left early.,Mgonjwa alitoka mapema.,m-gonjwa+a-li-toka+mapema,patient [he/she] [did] [leave] early,subject_agreement,2,,,,Back pass rolodex benchmark,"{""subject"":""3SG"",""tense"":""PAST"",""negation"":false,""root"":""toka"",""mood"":""a""}",alitoka
ENG-SW-395,EN_TO_SW,I am coming back tomorrow.,Nitarejea kesho.,ni-ta-rejea+kesho,[I] [will] [return] tomorrow,future_tense,1,,,,Back pass rolodex benchmark,"{""subject"":""1SG"",""tense"":""FUT"",""negation"":false,""root"":""rejea"",""mood"":""a""}",nitarejea
ENG-SW-396,EN_TO_SW,We cannot do this.,Hatuwezi kufanya hivi.,ha-(NEG)+tu-(1PL)+wezi+ku-fanya+hi-vi,[we] [cannot] to do this,modal_negation,2,,,,Back pass rolodex benchmark,"{""subject"":""1PL"",""tense"":""PRES"",""negation"":true,""root"":""weza"",""mood"":""a""}",hatuwezi
ENG-SW-397,EN_TO_SW,Did they find the keys?,Walipata funguo?,wa-li-pata+funguo,[they] [did] [get] keys,interrogative_past,1,,,,Back pass rolodex benchmark,"{""subject"":""3PL"",""tense"":""PAST"",""negation"":false,""root"":""pata"",""mood"":""a""}",walipata
ENG-SW-398,EN_TO_SW,I haven't seen him yet.,Sijamwona bado.,si-(1SG_NEG)+ja-(PERF_NEG)+m-(OBJ:C1)+ona+bado,[I] [not yet] [him] [see] yet,aspect_negation,2,,,,Back pass rolodex benchmark,"{""subject"":""1SG"",""tense"":""PERF"",""negation"":true,""object"":""m"",""root"":""ona"",""mood"":""a""}",sijamwona
ENG-SW-399,EN_TO_SW,Where did you put it?,Ulikieweka wapi?,u-li-ki-(OBJ:C7)+eweka+wapi,[you] [did] [it] [put] where,object_infix_placement,2,,,,Back pass rolodex benchmark,"{""subject"":""2SG"",""tense"":""PAST"",""negation"":false,""object"":""3SG_KI"",""root"":""weka"",""mood"":""a""}",ulikiweka
ENG-SW-400,EN_TO_SW,"Don't worry, brother.","Usijali, ndugu.",u-si-(SUBJ_NEG)+jali+ndugu,[you] [do not] [worry] brother,imperative_negation,1,,,,Back pass rolodex benchmark,"{""subject"":""2SG"",""tense"":""SUBJ"",""negation"":true,""root"":""jali"",""mood"":""e""}",usijali
ENG-SW-401,EN_TO_SW,"No, I did not.","Hapana, sikufanya.",hapana+si-(1SG_NEG)+ku-(PAST_NEG)+fanya,No [I] [did not] [do],rolodex_synthesis,1,,,,Back pass rolodex benchmark,"{""subject"":""1SG"",""tense"":""PAST"",""negation"":true,""root"":""fanya"",""mood"":""a""}",sikufanya
ENG-SW-402,EN_TO_SW,They will not answer you.,Hawatakujibu.,ha-(NEG)+wa-(3PL)+ta-(FUT)+ku-(OBJ:2SG)+jibu,[they] [will not] [you] [answer],rolodex_synthesis,1,,,,Back pass rolodex benchmark,"{""subject"":""3PL"",""tense"":""FUT"",""negation"":true,""object"":""2SG"",""root"":""jibu"",""mood"":""a""}",hawatakujibu
ENG-SW-403,EN_TO_SW,Have you eaten?,Umekula?,u-(2SG)+me-(PERF)+ku-(INF)+la,[you] [have] [eat]?,monosyllabic_verb,1,,,,Back pass rolodex benchmark,"{""subject"":""2SG"",""tense"":""PERF"",""negation"":false,""root"":""la"",""mood"":""a""}",umekula
ENG-SW-404,EN_TO_SW,The patient left early.,Mgonjwa alitoka mapema.,m-gonjwa+a-li-toka+mapema,patient [he/she] [did] [leave] early,subject_agreement,2,,,,Back pass rolodex benchmark,"{""subject"":""3SG"",""tense"":""PAST"",""negation"":false,""root"":""toka"",""mood"":""a""}",alitoka
ENG-SW-405,EN_TO_SW,I am coming back tomorrow.,Nitarejea kesho.,ni-ta-rejea+kesho,[I] [will] [return] tomorrow,future_tense,1,,,,Back pass rolodex benchmark,"{""subject"":""1SG"",""tense"":""FUT"",""negation"":false,""root"":""rejea"",""mood"":""a""}",nitarejea
ENG-SW-406,EN_TO_SW,We cannot do this.,Hatuwezi kufanya hivi.,ha-(NEG)+tu-(1PL)+wezi+ku-fanya+hi-vi,[we] [cannot] to do this,modal_negation,2,,,,Back pass rolodex benchmark,"{""subject"":""1PL"",""tense"":""PRES"",""negation"":true,""root"":""weza"",""mood"":""a""}",hatuwezi
ENG-SW-407,EN_TO_SW,Did they find the keys?,Walipata funguo?,wa-li-pata+funguo,[they] [did] [get] keys,interrogative_past,1,,,,Back pass rolodex benchmark,"{""subject"":""3PL"",""tense"":""PAST"",""negation"":false,""root"":""pata"",""mood"":""a""}",walipata
ENG-SW-408,EN_TO_SW,I haven't seen him yet.,Sijamwona bado.,si-(1SG_NEG)+ja-(PERF_NEG)+m-(OBJ:C1)+ona+bado,[I] [not yet] [him] [see] yet,aspect_negation,2,,,,Back pass rolodex benchmark,"{""subject"":""1SG"",""tense"":""PERF"",""negation"":true,""object"":""m"",""root"":""ona"",""mood"":""a""}",sijamwona
ENG-SW-409,EN_TO_SW,Where did you put it?,Ulikieweka wapi?,u-li-ki-(OBJ:C7)+eweka+wapi,[you] [did] [it] [put] where,object_infix_placement,2,,,,Back pass rolodex benchmark,"{""subject"":""2SG"",""tense"":""PAST"",""negation"":false,""object"":""3SG_KI"",""root"":""weka"",""mood"":""a""}",ulikiweka
ENG-SW-410,EN_TO_SW,"Don't worry, brother.","Usijali, ndugu.",u-si-(SUBJ_NEG)+jali+ndugu,[you] [do not] [worry] brother,imperative_negation,1,,,,Back pass rolodex benchmark,"{""subject"":""2SG"",""tense"":""SUBJ"",""negation"":true,""root"":""jali"",""mood"":""e""}",usijali
ENG-SW-411,EN_TO_SW,"No, I did not.","Hapana, sikufanya.",hapana+si-(1SG_NEG)+ku-(PAST_NEG)+fanya,No [I] [did not] [do],rolodex_synthesis,1,,,,Back pass rolodex benchmark,"{""subject"":""1SG"",""tense"":""PAST"",""negation"":true,""root"":""fanya"",""mood"":""a""}",sikufanya
ENG-SW-412,EN_TO_SW,They will not answer you.,Hawatakujibu.,ha-(NEG)+wa-(3PL)+ta-(FUT)+ku-(OBJ:2SG)+jibu,[they] [will not] [you] [answer],rolodex_synthesis,1,,,,Back pass rolodex benchmark,"{""subject"":""3PL"",""tense"":""FUT"",""negation"":true,""object"":""2SG"",""root"":""jibu"",""mood"":""a""}",hawatakujibu
ENG-SW-413,EN_TO_SW,Have you eaten?,Umekula?,u-(2SG)+me-(PERF)+ku-(INF)+la,[you] [have] [eat]?,monosyllabic_verb,1,,,,Back pass rolodex benchmark,"{""subject"":""2SG"",""tense"":""PERF"",""negation"":false,""root"":""la"",""mood"":""a""}",umekula
ENG-SW-414,EN_TO_SW,The patient left early.,Mgonjwa alitoka mapema.,m-gonjwa+a-li-toka+mapema,patient [he/she] [did] [leave] early,subject_agreement,2,,,,Back pass rolodex benchmark,"{""subject"":""3SG"",""tense"":""PAST"",""negation"":false,""root"":""toka"",""mood"":""a""}",alitoka
ENG-SW-415,EN_TO_SW,I am coming back tomorrow.,Nitarejea kesho.,ni-ta-rejea+kesho,[I] [will] [return] tomorrow,future_tense,1,,,,Back pass rolodex benchmark,"{""subject"":""1SG"",""tense"":""FUT"",""negation"":false,""root"":""rejea"",""mood"":""a""}",nitarejea
ENG-SW-416,EN_TO_SW,We cannot do this.,Hatuwezi kufanya hivi.,ha-(NEG)+tu-(1PL)+wezi+ku-fanya+hi-vi,[we] [cannot] to do this,modal_negation,2,,,,Back pass rolodex benchmark,"{""subject"":""1PL"",""tense"":""PRES"",""negation"":true,""root"":""weza"",""mood"":""a""}",hatuwezi
ENG-SW-417,EN_TO_SW,Did they find the keys?,Walipata funguo?,wa-li-pata+funguo,[they] [did] [get] keys,interrogative_past,1,,,,Back pass rolodex benchmark,"{""subject"":""3PL"",""tense"":""PAST"",""negation"":false,""root"":""pata"",""mood"":""a""}",walipata
ENG-SW-418,EN_TO_SW,I haven't seen him yet.,Sijamwona bado.,si-(1SG_NEG)+ja-(PERF_NEG)+m-(OBJ:C1)+ona+bado,[I] [not yet] [him] [see] yet,aspect_negation,2,,,,Back pass rolodex benchmark,"{""subject"":""1SG"",""tense"":""PERF"",""negation"":true,""object"":""m"",""root"":""ona"",""mood"":""a""}",sijamwona
ENG-SW-419,EN_TO_SW,Where did you put it?,Ulikieweka wapi?,u-li-ki-(OBJ:C7)+eweka+wapi,[you] [did] [it] [put] where,object_infix_placement,2,,,,Back pass rolodex benchmark,"{""subject"":""2SG"",""tense"":""PAST"",""negation"":false,""object"":""3SG_KI"",""root"":""weka"",""mood"":""a""}",ulikiweka
ENG-SW-420,EN_TO_SW,"Don't worry, brother.","Usijali, ndugu.",u-si-(SUBJ_NEG)+jali+ndugu,[you] [do not] [worry] brother,imperative_negation,1,,,,Back pass rolodex benchmark,"{""subject"":""2SG"",""tense"":""SUBJ"",""negation"":true,""root"":""jali"",""mood"":""e""}",usijali
ENG-SW-421,EN_TO_SW,"No, I did not.","Hapana, sikufanya.",hapana+si-(1SG_NEG)+ku-(PAST_NEG)+fanya,No [I] [did not] [do],rolodex_synthesis,1,,,,Back pass rolodex benchmark,"{""subject"":""1SG"",""tense"":""PAST"",""negation"":true,""root"":""fanya"",""mood"":""a""}",sikufanya
ENG-SW-422,EN_TO_SW,They will not answer you.,Hawatakujibu.,ha-(NEG)+wa-(3PL)+ta-(FUT)+ku-(OBJ:2SG)+jibu,[they] [will not] [you] [answer],rolodex_synthesis,1,,,,Back pass rolodex benchmark,"{""subject"":""3PL"",""tense"":""FUT"",""negation"":true,""object"":""2SG"",""root"":""jibu"",""mood"":""a""}",hawatakujibu
ENG-SW-423,EN_TO_SW,Have you eaten?,Umekula?,u-(2SG)+me-(PERF)+ku-(INF)+la,[you] [have] [eat]?,monosyllabic_verb,1,,,,Back pass rolodex benchmark,"{""subject"":""2SG"",""tense"":""PERF"",""negation"":false,""root"":""la"",""mood"":""a""}",umekula
ENG-SW-424,EN_TO_SW,The patient left early.,Mgonjwa alitoka mapema.,m-gonjwa+a-li-toka+mapema,patient [he/she] [did] [leave] early,subject_agreement,2,,,,Back pass rolodex benchmark,"{""subject"":""3SG"",""tense"":""PAST"",""negation"":false,""root"":""toka"",""mood"":""a""}",alitoka
ENG-SW-425,EN_TO_SW,I am coming back tomorrow.,Nitarejea kesho.,ni-ta-rejea+kesho,[I] [will] [return] tomorrow,future_tense,1,,,,Back pass rolodex benchmark,"{""subject"":""1SG"",""tense"":""FUT"",""negation"":false,""root"":""rejea"",""mood"":""a""}",nitarejea
ENG-SW-426,EN_TO_SW,We cannot do this.,Hatuwezi kufanya hivi.,ha-(NEG)+tu-(1PL)+wezi+ku-fanya+hi-vi,[we] [cannot] to do this,modal_negation,2,,,,Back pass rolodex benchmark,"{""subject"":""1PL"",""tense"":""PRES"",""negation"":true,""root"":""weza"",""mood"":""a""}",hatuwezi
ENG-SW-427,EN_TO_SW,Did they find the keys?,Walipata funguo?,wa-li-pata+funguo,[they] [did] [get] keys,interrogative_past,1,,,,Back pass rolodex benchmark,"{""subject"":""3PL"",""tense"":""PAST"",""negation"":false,""root"":""pata"",""mood"":""a""}",walipata
ENG-SW-428,EN_TO_SW,I haven't seen him yet.,Sijamwona bado.,si-(1SG_NEG)+ja-(PERF_NEG)+m-(OBJ:C1)+ona+bado,[I] [not yet] [him] [see] yet,aspect_negation,2,,,,Back pass rolodex benchmark,"{""subject"":""1SG"",""tense"":""PERF"",""negation"":true,""object"":""m"",""root"":""ona"",""mood"":""a""}",sijamwona
ENG-SW-429,EN_TO_SW,Where did you put it?,Ulikieweka wapi?,u-li-ki-(OBJ:C7)+eweka+wapi,[you] [did] [it] [put] where,object_infix_placement,2,,,,Back pass rolodex benchmark,"{""subject"":""2SG"",""tense"":""PAST"",""negation"":false,""object"":""3SG_KI"",""root"":""weka"",""mood"":""a""}",ulikiweka
ENG-SW-430,EN_TO_SW,"Don't worry, brother.","Usijali, ndugu.",u-si-(SUBJ_NEG)+jali+ndugu,[you] [do not] [worry] brother,imperative_negation,1,,,,Back pass rolodex benchmark,"{""subject"":""2SG"",""tense"":""SUBJ"",""negation"":true,""root"":""jali"",""mood"":""e""}",usijali
ENG-SW-431,EN_TO_SW,"No, I did not.","Hapana, sikufanya.",hapana+si-(1SG_NEG)+ku-(PAST_NEG)+fanya,No [I] [did not] [do],rolodex_synthesis,1,,,,Back pass rolodex benchmark,"{""subject"":""1SG"",""tense"":""PAST"",""negation"":true,""root"":""fanya"",""mood"":""a""}",sikufanya
ENG-SW-432,EN_TO_SW,They will not answer you.,Hawatakujibu.,ha-(NEG)+wa-(3PL)+ta-(FUT)+ku-(OBJ:2SG)+jibu,[they] [will not] [you] [answer],rolodex_synthesis,1,,,,Back pass rolodex benchmark,"{""subject"":""3PL"",""tense"":""FUT"",""negation"":true,""object"":""2SG"",""root"":""jibu"",""mood"":""a""}",hawatakujibu
ENG-SW-433,EN_TO_SW,Have you eaten?,Umekula?,u-(2SG)+me-(PERF)+ku-(INF)+la,[you] [have] [eat]?,monosyllabic_verb,1,,,,Back pass rolodex benchmark,"{""subject"":""2SG"",""tense"":""PERF"",""negation"":false,""root"":""la"",""mood"":""a""}",umekula
ENG-SW-434,EN_TO_SW,The patient left early.,Mgonjwa alitoka mapema.,m-gonjwa+a-li-toka+mapema,patient [he/she] [did] [leave] early,subject_agreement,2,,,,Back pass rolodex benchmark,"{""subject"":""3SG"",""tense"":""PAST"",""negation"":false,""root"":""toka"",""mood"":""a""}",alitoka
ENG-SW-435,EN_TO_SW,I am coming back tomorrow.,Nitarejea kesho.,ni-ta-rejea+kesho,[I] [will] [return] tomorrow,future_tense,1,,,,Back pass rolodex benchmark,"{""subject"":""1SG"",""tense"":""FUT"",""negation"":false,""root"":""rejea"",""mood"":""a""}",nitarejea
ENG-SW-436,EN_TO_SW,We cannot do this.,Hatuwezi kufanya hivi.,ha-(NEG)+tu-(1PL)+wezi+ku-fanya+hi-vi,[we] [cannot] to do this,modal_negation,2,,,,Back pass rolodex benchmark,"{""subject"":""1PL"",""tense"":""PRES"",""negation"":true,""root"":""weza"",""mood"":""a""}",hatuwezi
ENG-SW-437,EN_TO_SW,Did they find the keys?,Walipata funguo?,wa-li-pata+funguo,[they] [did] [get] keys,interrogative_past,1,,,,Back pass rolodex benchmark,"{""subject"":""3PL"",""tense"":""PAST"",""negation"":false,""root"":""pata"",""mood"":""a""}",walipata
ENG-SW-438,EN_TO_SW,I haven't seen him yet.,Sijamwona bado.,si-(1SG_NEG)+ja-(PERF_NEG)+m-(OBJ:C1)+ona+bado,[I] [not yet] [him] [see] yet,aspect_negation,2,,,,Back pass rolodex benchmark,"{""subject"":""1SG"",""tense"":""PERF"",""negation"":true,""object"":""m"",""root"":""ona"",""mood"":""a""}",sijamwona
ENG-SW-439,EN_TO_SW,Where did you put it?,Ulikieweka wapi?,u-li-ki-(OBJ:C7)+eweka+wapi,[you] [did] [it] [put] where,object_infix_placement,2,,,,Back pass rolodex benchmark,"{""subject"":""2SG"",""tense"":""PAST"",""negation"":false,""object"":""3SG_KI"",""root"":""weka"",""mood"":""a""}",ulikiweka
ENG-SW-440,EN_TO_SW,"Don't worry, brother.","Usijali, ndugu.",u-si-(SUBJ_NEG)+jali+ndugu,[you] [do not] [worry] brother,imperative_negation,1,,,,Back pass rolodex benchmark,"{""subject"":""2SG"",""tense"":""SUBJ"",""negation"":true,""root"":""jali"",""mood"":""e""}",usijali
ENG-SW-441,EN_TO_SW,"No, I did not.","Hapana, sikufanya.",hapana+si-(1SG_NEG)+ku-(PAST_NEG)+fanya,No [I] [did not] [do],rolodex_synthesis,1,,,,Back pass rolodex benchmark,"{""subject"":""1SG"",""tense"":""PAST"",""negation"":true,""root"":""fanya"",""mood"":""a""}",sikufanya
ENG-SW-442,EN_TO_SW,They will not answer you.,Hawatakujibu.,ha-(NEG)+wa-(3PL)+ta-(FUT)+ku-(OBJ:2SG)+jibu,[they] [will not] [you] [answer],rolodex_synthesis,1,,,,Back pass rolodex benchmark,"{""subject"":""3PL"",""tense"":""FUT"",""negation"":true,""object"":""2SG"",""root"":""jibu"",""mood"":""a""}",hawatakujibu
ENG-SW-443,EN_TO_SW,Have you eaten?,Umekula?,u-(2SG)+me-(PERF)+ku-(INF)+la,[you] [have] [eat]?,monosyllabic_verb,1,,,,Back pass rolodex benchmark,"{""subject"":""2SG"",""tense"":""PERF"",""negation"":false,""root"":""la"",""mood"":""a""}",umekula
ENG-SW-444,EN_TO_SW,The patient left early.,Mgonjwa alitoka mapema.,m-gonjwa+a-li-toka+mapema,patient [he/she] [did] [leave] early,subject_agreement,2,,,,Back pass rolodex benchmark,"{""subject"":""3SG"",""tense"":""PAST"",""negation"":false,""root"":""toka"",""mood"":""a""}",alitoka
ENG-SW-445,EN_TO_SW,I am coming back tomorrow.,Nitarejea kesho.,ni-ta-rejea+kesho,[I] [will] [return] tomorrow,future_tense,1,,,,Back pass rolodex benchmark,"{""subject"":""1SG"",""tense"":""FUT"",""negation"":false,""root"":""rejea"",""mood"":""a""}",nitarejea
ENG-SW-446,EN_TO_SW,We cannot do this.,Hatuwezi kufanya hivi.,ha-(NEG)+tu-(1PL)+wezi+ku-fanya+hi-vi,[we] [cannot] to do this,modal_negation,2,,,,Back pass rolodex benchmark,"{""subject"":""1PL"",""tense"":""PRES"",""negation"":true,""root"":""weza"",""mood"":""a""}",hatuwezi
ENG-SW-447,EN_TO_SW,Did they find the keys?,Walipata funguo?,wa-li-pata+funguo,[they] [did] [get] keys,interrogative_past,1,,,,Back pass rolodex benchmark,"{""subject"":""3PL"",""tense"":""PAST"",""negation"":false,""root"":""pata"",""mood"":""a""}",walipata
ENG-SW-448,EN_TO_SW,I haven't seen him yet.,Sijamwona bado.,si-(1SG_NEG)+ja-(PERF_NEG)+m-(OBJ:C1)+ona+bado,[I] [not yet] [him] [see] yet,aspect_negation,2,,,,Back pass rolodex benchmark,"{""subject"":""1SG"",""tense"":""PERF"",""negation"":true,""object"":""m"",""root"":""ona"",""mood"":""a""}",sijamwona
ENG-SW-449,EN_TO_SW,Where did you put it?,Ulikieweka wapi?,u-li-ki-(OBJ:C7)+eweka+wapi,[you] [did] [it] [put] where,object_infix_placement,2,,,,Back pass rolodex benchmark,"{""subject"":""2SG"",""tense"":""PAST"",""negation"":false,""object"":""3SG_KI"",""root"":""weka"",""mood"":""a""}",ulikiweka
ENG-SW-450,EN_TO_SW,"Don't worry, brother.","Usijali, ndugu.",u-si-(SUBJ_NEG)+jali+ndugu,[you] [do not] [worry] brother,imperative_negation,1,,,,Back pass rolodex benchmark,"{""subject"":""2SG"",""tense"":""SUBJ"",""negation"":true,""root"":""jali"",""mood"":""e""}",usijali
ENG-SW-451,EN_TO_SW,"No, I did not.","Hapana, sikufanya.",hapana+si-(1SG_NEG)+ku-(PAST_NEG)+fanya,No [I] [did not] [do],rolodex_synthesis,1,,,,Back pass rolodex benchmark,"{""subject"":""1SG"",""tense"":""PAST"",""negation"":true,""root"":""fanya"",""mood"":""a""}",sikufanya
ENG-SW-452,EN_TO_SW,They will not answer you.,Hawatakujibu.,ha-(NEG)+wa-(3PL)+ta-(FUT)+ku-(OBJ:2SG)+jibu,[they] [will not] [you] [answer],rolodex_synthesis,1,,,,Back pass rolodex benchmark,"{""subject"":""3PL"",""tense"":""FUT"",""negation"":true,""object"":""2SG"",""root"":""jibu"",""mood"":""a""}",hawatakujibu
ENG-SW-453,EN_TO_SW,Have you eaten?,Umekula?,u-(2SG)+me-(PERF)+ku-(INF)+la,[you] [have] [eat]?,monosyllabic_verb,1,,,,Back pass rolodex benchmark,"{""subject"":""2SG"",""tense"":""PERF"",""negation"":false,""root"":""la"",""mood"":""a""}",umekula
ENG-SW-454,EN_TO_SW,The patient left early.,Mgonjwa alitoka mapema.,m-gonjwa+a-li-toka+mapema,patient [he/she] [did] [leave] early,subject_agreement,2,,,,Back pass rolodex benchmark,"{""subject"":""3SG"",""tense"":""PAST"",""negation"":false,""root"":""toka"",""mood"":""a""}",alitoka
ENG-SW-455,EN_TO_SW,I am coming back tomorrow.,Nitarejea kesho.,ni-ta-rejea+kesho,[I] [will] [return] tomorrow,future_tense,1,,,,Back pass rolodex benchmark,"{""subject"":""1SG"",""tense"":""FUT"",""negation"":false,""root"":""rejea"",""mood"":""a""}",nitarejea
ENG-SW-456,EN_TO_SW,We cannot do this.,Hatuwezi kufanya hivi.,ha-(NEG)+tu-(1PL)+wezi+ku-fanya+hi-vi,[we] [cannot] to do this,modal_negation,2,,,,Back pass rolodex benchmark,"{""subject"":""1PL"",""tense"":""PRES"",""negation"":true,""root"":""weza"",""mood"":""a""}",hatuwezi
ENG-SW-457,EN_TO_SW,Did they find the keys?,Walipata funguo?,wa-li-pata+funguo,[they] [did] [get] keys,interrogative_past,1,,,,Back pass rolodex benchmark,"{""subject"":""3PL"",""tense"":""PAST"",""negation"":false,""root"":""pata"",""mood"":""a""}",walipata
ENG-SW-458,EN_TO_SW,I haven't seen him yet.,Sijamwona bado.,si-(1SG_NEG)+ja-(PERF_NEG)+m-(OBJ:C1)+ona+bado,[I] [not yet] [him] [see] yet,aspect_negation,2,,,,Back pass rolodex benchmark,"{""subject"":""1SG"",""tense"":""PERF"",""negation"":true,""object"":""m"",""root"":""ona"",""mood"":""a""}",sijamwona
ENG-SW-459,EN_TO_SW,Where did you put it?,Ulikieweka wapi?,u-li-ki-(OBJ:C7)+eweka+wapi,[you] [did] [it] [put] where,object_infix_placement,2,,,,Back pass rolodex benchmark,"{""subject"":""2SG"",""tense"":""PAST"",""negation"":false,""object"":""3SG_KI"",""root"":""weka"",""mood"":""a""}",ulikiweka
ENG-SW-460,EN_TO_SW,"Don't worry, brother.","Usijali, ndugu.",u-si-(SUBJ_NEG)+jali+ndugu,[you] [do not] [worry] brother,imperative_negation,1,,,,Back pass rolodex benchmark,"{""subject"":""2SG"",""tense"":""SUBJ"",""negation"":true,""root"":""jali"",""mood"":""e""}",usijali
ENG-SW-461,EN_TO_SW,"No, I did not.","Hapana, sikufanya.",hapana+si-(1SG_NEG)+ku-(PAST_NEG)+fanya,No [I] [did not] [do],rolodex_synthesis,1,,,,Back pass rolodex benchmark,"{""subject"":""1SG"",""tense"":""PAST"",""negation"":true,""root"":""fanya"",""mood"":""a""}",sikufanya
ENG-SW-462,EN_TO_SW,They will not answer you.,Hawatakujibu.,ha-(NEG)+wa-(3PL)+ta-(FUT)+ku-(OBJ:2SG)+jibu,[they] [will not] [you] [answer],rolodex_synthesis,1,,,,Back pass rolodex benchmark,"{""subject"":""3PL"",""tense"":""FUT"",""negation"":true,""object"":""2SG"",""root"":""jibu"",""mood"":""a""}",hawatakujibu
ENG-SW-463,EN_TO_SW,Have you eaten?,Umekula?,u-(2SG)+me-(PERF)+ku-(INF)+la,[you] [have] [eat]?,monosyllabic_verb,1,,,,Back pass rolodex benchmark,"{""subject"":""2SG"",""tense"":""PERF"",""negation"":false,""root"":""la"",""mood"":""a""}",umekula
ENG-SW-464,EN_TO_SW,The patient left early.,Mgonjwa alitoka mapema.,m-gonjwa+a-li-toka+mapema,patient [he/she] [did] [leave] early,subject_agreement,2,,,,Back pass rolodex benchmark,"{""subject"":""3SG"",""tense"":""PAST"",""negation"":false,""root"":""toka"",""mood"":""a""}",alitoka
ENG-SW-465,EN_TO_SW,I am coming back tomorrow.,Nitarejea kesho.,ni-ta-rejea+kesho,[I] [will] [return] tomorrow,future_tense,1,,,,Back pass rolodex benchmark,"{""subject"":""1SG"",""tense"":""FUT"",""negation"":false,""root"":""rejea"",""mood"":""a""}",nitarejea
ENG-SW-466,EN_TO_SW,We cannot do this.,Hatuwezi kufanya hivi.,ha-(NEG)+tu-(1PL)+wezi+ku-fanya+hi-vi,[we] [cannot] to do this,modal_negation,2,,,,Back pass rolodex benchmark,"{""subject"":""1PL"",""tense"":""PRES"",""negation"":true,""root"":""weza"",""mood"":""a""}",hatuwezi
ENG-SW-467,EN_TO_SW,Did they find the keys?,Walipata funguo?,wa-li-pata+funguo,[they] [did] [get] keys,interrogative_past,1,,,,Back pass rolodex benchmark,"{""subject"":""3PL"",""tense"":""PAST"",""negation"":false,""root"":""pata"",""mood"":""a""}",walipata
ENG-SW-468,EN_TO_SW,I haven't seen him yet.,Sijamwona bado.,si-(1SG_NEG)+ja-(PERF_NEG)+m-(OBJ:C1)+ona+bado,[I] [not yet] [him] [see] yet,aspect_negation,2,,,,Back pass rolodex benchmark,"{""subject"":""1SG"",""tense"":""PERF"",""negation"":true,""object"":""m"",""root"":""ona"",""mood"":""a""}",sijamwona
ENG-SW-469,EN_TO_SW,Where did you put it?,Ulikieweka wapi?,u-li-ki-(OBJ:C7)+eweka+wapi,[you] [did] [it] [put] where,object_infix_placement,2,,,,Back pass rolodex benchmark,"{""subject"":""2SG"",""tense"":""PAST"",""negation"":false,""object"":""3SG_KI"",""root"":""weka"",""mood"":""a""}",ulikiweka
ENG-SW-470,EN_TO_SW,"Don't worry, brother.","Usijali, ndugu.",u-si-(SUBJ_NEG)+jali+ndugu,[you] [do not] [worry] brother,imperative_negation,1,,,,Back pass rolodex benchmark,"{""subject"":""2SG"",""tense"":""SUBJ"",""negation"":true,""root"":""jali"",""mood"":""e""}",usijali
ENG-SW-471,EN_TO_SW,"No, I did not.","Hapana, sikufanya.",hapana+si-(1SG_NEG)+ku-(PAST_NEG)+fanya,No [I] [did not] [do],rolodex_synthesis,1,,,,Back pass rolodex benchmark,"{""subject"":""1SG"",""tense"":""PAST"",""negation"":true,""root"":""fanya"",""mood"":""a""}",sikufanya
ENG-SW-472,EN_TO_SW,They will not answer you.,Hawatakujibu.,ha-(NEG)+wa-(3PL)+ta-(FUT)+ku-(OBJ:2SG)+jibu,[they] [will not] [you] [answer],rolodex_synthesis,1,,,,Back pass rolodex benchmark,"{""subject"":""3PL"",""tense"":""FUT"",""negation"":true,""object"":""2SG"",""root"":""jibu"",""mood"":""a""}",hawatakujibu
ENG-SW-473,EN_TO_SW,Have you eaten?,Umekula?,u-(2SG)+me-(PERF)+ku-(INF)+la,[you] [have] [eat]?,monosyllabic_verb,1,,,,Back pass rolodex benchmark,"{""subject"":""2SG"",""tense"":""PERF"",""negation"":false,""root"":""la"",""mood"":""a""}",umekula
ENG-SW-474,EN_TO_SW,The patient left early.,Mgonjwa alitoka mapema.,m-gonjwa+a-li-toka+mapema,patient [he/she] [did] [leave] early,subject_agreement,2,,,,Back pass rolodex benchmark,"{""subject"":""3SG"",""tense"":""PAST"",""negation"":false,""root"":""toka"",""mood"":""a""}",alitoka
ENG-SW-475,EN_TO_SW,I am coming back tomorrow.,Nitarejea kesho.,ni-ta-rejea+kesho,[I] [will] [return] tomorrow,future_tense,1,,,,Back pass rolodex benchmark,"{""subject"":""1SG"",""tense"":""FUT"",""negation"":false,""root"":""rejea"",""mood"":""a""}",nitarejea
ENG-SW-476,EN_TO_SW,We cannot do this.,Hatuwezi kufanya hivi.,ha-(NEG)+tu-(1PL)+wezi+ku-fanya+hi-vi,[we] [cannot] to do this,modal_negation,2,,,,Back pass rolodex benchmark,"{""subject"":""1PL"",""tense"":""PRES"",""negation"":true,""root"":""weza"",""mood"":""a""}",hatuwezi
ENG-SW-477,EN_TO_SW,Did they find the keys?,Walipata funguo?,wa-li-pata+funguo,[they] [did] [get] keys,interrogative_past,1,,,,Back pass rolodex benchmark,"{""subject"":""3PL"",""tense"":""PAST"",""negation"":false,""root"":""pata"",""mood"":""a""}",walipata
ENG-SW-478,EN_TO_SW,I haven't seen him yet.,Sijamwona bado.,si-(1SG_NEG)+ja-(PERF_NEG)+m-(OBJ:C1)+ona+bado,[I] [not yet] [him] [see] yet,aspect_negation,2,,,,Back pass rolodex benchmark,"{""subject"":""1SG"",""tense"":""PERF"",""negation"":true,""object"":""m"",""root"":""ona"",""mood"":""a""}",sijamwona
ENG-SW-479,EN_TO_SW,Where did you put it?,Ulikieweka wapi?,u-li-ki-(OBJ:C7)+eweka+wapi,[you] [did] [it] [put] where,object_infix_placement,2,,,,Back pass rolodex benchmark,"{""subject"":""2SG"",""tense"":""PAST"",""negation"":false,""object"":""3SG_KI"",""root"":""weka"",""mood"":""a""}",ulikiweka
ENG-SW-480,EN_TO_SW,"Don't worry, brother.","Usijali, ndugu.",u-si-(SUBJ_NEG)+jali+ndugu,[you] [do not] [worry] brother,imperative_negation,1,,,,Back pass rolodex benchmark,"{""subject"":""2SG"",""tense"":""SUBJ"",""negation"":true,""root"":""jali"",""mood"":""e""}",usijali
ENG-SW-481,EN_TO_SW,"No, I did not.","Hapana, sikufanya.",hapana+si-(1SG_NEG)+ku-(PAST_NEG)+fanya,No [I] [did not] [do],rolodex_synthesis,1,,,,Back pass rolodex benchmark,"{""subject"":""1SG"",""tense"":""PAST"",""negation"":true,""root"":""fanya"",""mood"":""a""}",sikufanya
ENG-SW-482,EN_TO_SW,They will not answer you.,Hawatakujibu.,ha-(NEG)+wa-(3PL)+ta-(FUT)+ku-(OBJ:2SG)+jibu,[they] [will not] [you] [answer],rolodex_synthesis,1,,,,Back pass rolodex benchmark,"{""subject"":""3PL"",""tense"":""FUT"",""negation"":true,""object"":""2SG"",""root"":""jibu"",""mood"":""a""}",hawatakujibu
ENG-SW-483,EN_TO_SW,Have you eaten?,Umekula?,u-(2SG)+me-(PERF)+ku-(INF)+la,[you] [have] [eat]?,monosyllabic_verb,1,,,,Back pass rolodex benchmark,"{""subject"":""2SG"",""tense"":""PERF"",""negation"":false,""root"":""la"",""mood"":""a""}",umekula
ENG-SW-484,EN_TO_SW,The patient left early.,Mgonjwa alitoka mapema.,m-gonjwa+a-li-toka+mapema,patient [he/she] [did] [leave] early,subject_agreement,2,,,,Back pass rolodex benchmark,"{""subject"":""3SG"",""tense"":""PAST"",""negation"":false,""root"":""toka"",""mood"":""a""}",alitoka
ENG-SW-485,EN_TO_SW,I am coming back tomorrow.,Nitarejea kesho.,ni-ta-rejea+kesho,[I] [will] [return] tomorrow,future_tense,1,,,,Back pass rolodex benchmark,"{""subject"":""1SG"",""tense"":""FUT"",""negation"":false,""root"":""rejea"",""mood"":""a""}",nitarejea
ENG-SW-486,EN_TO_SW,We cannot do this.,Hatuwezi kufanya hivi.,ha-(NEG)+tu-(1PL)+wezi+ku-fanya+hi-vi,[we] [cannot] to do this,modal_negation,2,,,,Back pass rolodex benchmark,"{""subject"":""1PL"",""tense"":""PRES"",""negation"":true,""root"":""weza"",""mood"":""a""}",hatuwezi
ENG-SW-487,EN_TO_SW,Did they find the keys?,Walipata funguo?,wa-li-pata+funguo,[they] [did] [get] keys,interrogative_past,1,,,,Back pass rolodex benchmark,"{""subject"":""3PL"",""tense"":""PAST"",""negation"":false,""root"":""pata"",""mood"":""a""}",walipata
ENG-SW-488,EN_TO_SW,I haven't seen him yet.,Sijamwona bado.,si-(1SG_NEG)+ja-(PERF_NEG)+m-(OBJ:C1)+ona+bado,[I] [not yet] [him] [see] yet,aspect_negation,2,,,,Back pass rolodex benchmark,"{""subject"":""1SG"",""tense"":""PERF"",""negation"":true,""object"":""m"",""root"":""ona"",""mood"":""a""}",sijamwona
ENG-SW-489,EN_TO_SW,Where did you put it?,Ulikieweka wapi?,u-li-ki-(OBJ:C7)+eweka+wapi,[you] [did] [it] [put] where,object_infix_placement,2,,,,Back pass rolodex benchmark,"{""subject"":""2SG"",""tense"":""PAST"",""negation"":false,""object"":""3SG_KI"",""root"":""weka"",""mood"":""a""}",ulikiweka
ENG-SW-490,EN_TO_SW,"Don't worry, brother.","Usijali, ndugu.",u-si-(SUBJ_NEG)+jali+ndugu,[you] [do not] [worry] brother,imperative_negation,1,,,,Back pass rolodex benchmark,"{""subject"":""2SG"",""tense"":""SUBJ"",""negation"":true,""root"":""jali"",""mood"":""e""}",usijali
ENG-SW-491,EN_TO_SW,"No, I did not.","Hapana, sikufanya.",hapana+si-(1SG_NEG)+ku-(PAST_NEG)+fanya,No [I] [did not] [do],rolodex_synthesis,1,,,,Back pass rolodex benchmark,"{""subject"":""1SG"",""tense"":""PAST"",""negation"":true,""root"":""fanya"",""mood"":""a""}",sikufanya
ENG-SW-492,EN_TO_SW,They will not answer you.,Hawatakujibu.,ha-(NEG)+wa-(3PL)+ta-(FUT)+ku-(OBJ:2SG)+jibu,[they] [will not] [you] [answer],rolodex_synthesis,1,,,,Back pass rolodex benchmark,"{""subject"":""3PL"",""tense"":""FUT"",""negation"":true,""object"":""2SG"",""root"":""jibu"",""mood"":""a""}",hawatakujibu
ENG-SW-493,EN_TO_SW,Have you eaten?,Umekula?,u-(2SG)+me-(PERF)+ku-(INF)+la,[you] [have] [eat]?,monosyllabic_verb,1,,,,Back pass rolodex benchmark,"{""subject"":""2SG"",""tense"":""PERF"",""negation"":false,""root"":""la"",""mood"":""a""}",umekula
ENG-SW-494,EN_TO_SW,The patient left early.,Mgonjwa alitoka mapema.,m-gonjwa+a-li-toka+mapema,patient [he/she] [did] [leave] early,subject_agreement,2,,,,Back pass rolodex benchmark,"{""subject"":""3SG"",""tense"":""PAST"",""negation"":false,""root"":""toka"",""mood"":""a""}",alitoka
ENG-SW-495,EN_TO_SW,I am coming back tomorrow.,Nitarejea kesho.,ni-ta-rejea+kesho,[I] [will] [return] tomorrow,future_tense,1,,,,Back pass rolodex benchmark,"{""subject"":""1SG"",""tense"":""FUT"",""negation"":false,""root"":""rejea"",""mood"":""a""}",nitarejea
ENG-SW-496,EN_TO_SW,We cannot do this.,Hatuwezi kufanya hivi.,ha-(NEG)+tu-(1PL)+wezi+ku-fanya+hi-vi,[we] [cannot] to do this,modal_negation,2,,,,Back pass rolodex benchmark,"{""subject"":""1PL"",""tense"":""PRES"",""negation"":true,""root"":""weza"",""mood"":""a""}",hatuwezi
ENG-SW-497,EN_TO_SW,Did they find the keys?,Walipata funguo?,wa-li-pata+funguo,[they] [did] [get] keys,interrogative_past,1,,,,Back pass rolodex benchmark,"{""subject"":""3PL"",""tense"":""PAST"",""negation"":false,""root"":""pata"",""mood"":""a""}",walipata
ENG-SW-498,EN_TO_SW,I haven't seen him yet.,Sijamwona bado.,si-(1SG_NEG)+ja-(PERF_NEG)+m-(OBJ:C1)+ona+bado,[I] [not yet] [him] [see] yet,aspect_negation,2,,,,Back pass rolodex benchmark,"{""subject"":""1SG"",""tense"":""PERF"",""negation"":true,""object"":""m"",""root"":""ona"",""mood"":""a""}",sijamwona
ENG-SW-499,EN_TO_SW,Where did you put it?,Ulikieweka wapi?,u-li-ki-(OBJ:C7)+eweka+wapi,[you] [did] [it] [put] where,object_infix_placement,2,,,,Back pass rolodex benchmark,"{""subject"":""2SG"",""tense"":""PAST"",""negation"":false,""object"":""3SG_KI"",""root"":""weka"",""mood"":""a""}",ulikiweka
ENG-SW-500,EN_TO_SW,"Don't worry, brother.","Usijali, ndugu.",u-si-(SUBJ_NEG)+jali+ndugu,[you] [do not] [worry] brother,imperative_negation,1,,,,Back pass rolodex benchmark,"{""subject"":""2SG"",""tense"":""SUBJ"",""negation"":true,""root"":""jali"",""mood"":""e""}",usijali
